fund_code,fund_name,report_date,stock_name,stock_code,weight,market_value,industry_l1,industry_l2
018506,创金合信益久9个月持有期债券型证券投资基金A类,2026-03-31,首旅酒店,600258.SH,0.0077,1713712.0,社会服务,酒店餐饮
018506,创金合信益久9个月持有期债券型证券投资基金A类,2026-03-31,立讯精密,002475.SZ,0.0053,1187166.0,电子,消费电子
018506,创金合信益久9个月持有期债券型证券投资基金A类,2026-03-31,招商蛇口,001979.SZ,0.0043,967991.0,房地产,房地产开发
018506,创金合信益久9个月持有期债券型证券投资基金A类,2026-03-31,中国太保,601601.SH,0.0042,930959.0,非银金融,保险Ⅱ
018506,创金合信益久9个月持有期债券型证券投资基金A类,2026-03-31,阿里巴巴-W,09988.HK,0.004,903611.03,--,--
018506,创金合信益久9个月持有期债券型证券投资基金A类,2026-03-31,顺丰控股,002352.SZ,0.0039,874920.0,交通运输,物流
018506,创金合信益久9个月持有期债券型证券投资基金A类,2026-03-31,中芯国际,00981.HK,0.0037,828162.95,--,--
018506,创金合信益久9个月持有期债券型证券投资基金A类,2026-03-31,国泰海通,601211.SH,0.0035,779730.0,非银金融,证券Ⅱ
018506,创金合信益久9个月持有期债券型证券投资基金A类,2026-03-31,索菲亚,002572.SZ,0.0034,760200.0,轻工制造,家居用品
018506,创金合信益久9个月持有期债券型证券投资基金A类,2026-03-31,分众传媒,002027.SZ,0.0029,639935.0,传媒,广告营销
018506,创金合信益久9个月持有期债券型证券投资基金A类,2026-03-31,顺丰控股,06936.HK,0.0021,472950.4,--,--
001955,中欧养老产业混合型证券投资基金A类,2026-03-31,海康威视,002415.SZ,0.1001,166283081.64,计算机,计算机设备
001955,中欧养老产业混合型证券投资基金A类,2026-03-31,招商积余,001914.SZ,0.0989,164392468.5,房地产,房地产服务
001955,中欧养老产业混合型证券投资基金A类,2026-03-31,晨光股份,603899.SH,0.098,162860171.81,轻工制造,文娱用品
001955,中欧养老产业混合型证券投资基金A类,2026-03-31,安井食品,603345.SH,0.0742,123265752.18,食品饮料,食品加工
001955,中欧养老产业混合型证券投资基金A类,2026-03-31,伊利股份,600887.SH,0.0679,112768250.5,食品饮料,饮料乳品
001955,中欧养老产业混合型证券投资基金A类,2026-03-31,中国汽研,601965.SH,0.0591,98215996.7,汽车,汽车服务
001955,中欧养老产业混合型证券投资基金A类,2026-03-31,海螺水泥,600585.SH,0.0369,61251252.0,建筑材料,水泥
001955,中欧养老产业混合型证券投资基金A类,2026-03-31,首旅酒店,600258.SH,0.0233,38742174.8,社会服务,酒店餐饮
001955,中欧养老产业混合型证券投资基金A类,2026-03-31,顺丰控股,002352.SZ,0.0201,33361080.0,交通运输,物流
001955,中欧养老产业混合型证券投资基金A类,2026-03-31,北新建材,000786.SZ,0.0154,25622713.28,建筑材料,装修建材
014339,长江智能制造混合型发起式证券投资基金A类,2026-03-31,南微医学,688029.SH,0.0443,36951040.0,医药生物,医疗器械
014339,长江智能制造混合型发起式证券投资基金A类,2026-03-31,海康威视,002415.SZ,0.036,30084163.2,计算机,计算机设备
014339,长江智能制造混合型发起式证券投资基金A类,2026-03-31,柏楚电子,688188.SH,0.0356,29753435.25,计算机,计算机设备
014339,长江智能制造混合型发起式证券投资基金A类,2026-03-31,瑞丰新材,300910.SZ,0.0353,29512320.0,基础化工,化学制品
014339,长江智能制造混合型发起式证券投资基金A类,2026-03-31,川仪股份,603100.SH,0.035,29227275.0,机械设备,通用设备
014339,长江智能制造混合型发起式证券投资基金A类,2026-03-31,中力股份,603194.SH,0.0324,27027278.08,机械设备,工程机械
014339,长江智能制造混合型发起式证券投资基金A类,2026-03-31,安井食品,603345.SH,0.0321,26765620.0,食品饮料,食品加工
014339,长江智能制造混合型发起式证券投资基金A类,2026-03-31,安图生物,603658.SH,0.0321,26792613.75,医药生物,医疗器械
014339,长江智能制造混合型发起式证券投资基金A类,2026-03-31,中密控股,300470.SZ,0.0309,25830920.0,机械设备,通用设备
014339,长江智能制造混合型发起式证券投资基金A类,2026-03-31,皇马科技,603181.SH,0.0307,25611500.0,基础化工,化学制品
070011,嘉实策略增长混合型证券投资基金,2026-03-31,顺丰控股,002352.SZ,0.0619,114120000.0,交通运输,物流
070011,嘉实策略增长混合型证券投资基金,2026-03-31,伊利股份,600887.SH,0.0571,105400237.15,食品饮料,饮料乳品
070011,嘉实策略增长混合型证券投资基金,2026-03-31,海螺水泥,600585.SH,0.052,95876332.08,建筑材料,水泥
070011,嘉实策略增长混合型证券投资基金,2026-03-31,北新建材,000786.SZ,0.0495,91280000.0,建筑材料,装修建材
070011,嘉实策略增长混合型证券投资基金,2026-03-31,立讯精密,002475.SZ,0.0433,79830756.0,电子,消费电子
070011,嘉实策略增长混合型证券投资基金,2026-03-31,牧原股份,002714.SZ,0.0393,72416902.0,农林牧渔,养殖业
070011,嘉实策略增长混合型证券投资基金,2026-03-31,康龙化成,300759.SZ,0.0381,70229436.26,医药生物,医疗服务
070011,嘉实策略增长混合型证券投资基金,2026-03-31,中国国航,601111.SH,0.0325,60023524.0,交通运输,航空机场
070011,嘉实策略增长混合型证券投资基金,2026-03-31,海天味业,603288.SH,0.0309,56995412.0,食品饮料,调味发酵品Ⅱ
070011,嘉实策略增长混合型证券投资基金,2026-03-31,永辉超市,601933.SH,0.0286,52780000.0,商贸零售,一般零售
398001,中海优质成长证券投资基金,2026-03-31,广联航空,300900.SZ,0.0727,55075406.4,国防军工,航空装备Ⅱ
398001,中海优质成长证券投资基金,2026-03-31,海格通信,002465.SZ,0.0512,38819603.0,国防军工,军工电子Ⅱ
398001,中海优质成长证券投资基金,2026-03-31,甘李药业,603087.SH,0.0415,31411200.0,医药生物,生物制品
398001,中海优质成长证券投资基金,2026-03-31,霍莱沃,688682.SH,0.037,28053480.0,国防军工,军工电子Ⅱ
398001,中海优质成长证券投资基金,2026-03-31,海光信息,688041.SH,0.0335,25378382.0,电子,半导体
398001,中海优质成长证券投资基金,2026-03-31,烽火通信,600498.SH,0.0323,24462608.0,通信,通信设备
398001,中海优质成长证券投资基金,2026-03-31,浪潮信息,000977.SZ,0.0314,23755488.0,计算机,计算机设备
398001,中海优质成长证券投资基金,2026-03-31,高澜股份,300499.SZ,0.0308,23354800.0,机械设备,专用设备
398001,中海优质成长证券投资基金,2026-03-31,上海瀚讯,300762.SZ,0.0306,23201360.0,国防军工,军工电子Ⅱ
398001,中海优质成长证券投资基金,2026-03-31,美好医疗,301363.SZ,0.0302,22872759.2,医药生物,医疗器械
021891,融通中证港股通科技指数证券投资基金A类,2026-03-31,比亚迪股份,01211.HK,0.0914,7837611.63,--,--
021891,融通中证港股通科技指数证券投资基金A类,2026-03-31,美团-W,03690.HK,0.0893,7653653.41,--,--
021891,融通中证港股通科技指数证券投资基金A类,2026-03-31,腾讯控股,00700.HK,0.0868,7435851.72,--,--
021891,融通中证港股通科技指数证券投资基金A类,2026-03-31,阿里巴巴-W,09988.HK,0.0832,7134324.3,--,--
021891,融通中证港股通科技指数证券投资基金A类,2026-03-31,小米集团-W,01810.HK,0.08,6859193.54,--,--
021891,融通中证港股通科技指数证券投资基金A类,2026-03-31,中芯国际,00981.HK,0.0575,4924212.15,--,--
021891,融通中证港股通科技指数证券投资基金A类,2026-03-31,信达生物,01801.HK,0.0345,2961016.97,--,--
021891,融通中证港股通科技指数证券投资基金A类,2026-03-31,药明生物,02269.HK,0.0325,2784303.36,--,--
021891,融通中证港股通科技指数证券投资基金A类,2026-03-31,吉利汽车,00175.HK,0.0319,2733754.47,--,--
021891,融通中证港股通科技指数证券投资基金A类,2026-03-31,快手-W,01024.HK,0.0319,2732935.09,--,--
sz159807,科技ETF易方达,--,中际旭创,300308.SZ,0.1052,77915217.35,通信,通信设备
sz159807,科技ETF易方达,--,恒瑞医药,600276.SH,0.0606,44875416.52,医药生物,化学制药
sz159807,科技ETF易方达,--,寒武纪,688256.SH,0.0512,37906443.16,电子,半导体
sz159807,科技ETF易方达,--,海光信息,688041.SH,0.048,35542140.14,电子,半导体
sz159807,科技ETF易方达,--,中芯国际,688981.SH,0.0462,34205985.0,电子,半导体
sz159807,科技ETF易方达,--,兆易创新,603986.SH,0.0391,28965341.2,电子,半导体
sz159807,科技ETF易方达,--,京东方A,000725.SZ,0.0353,26130139.0,电子,光学光电子
sz159807,科技ETF易方达,--,澜起科技,688008.SH,0.0352,26068387.68,电子,半导体
sz159807,科技ETF易方达,--,天孚通信,300394.SZ,0.0346,25587744.0,通信,通信设备
sz159807,科技ETF易方达,--,思源电气,002028.SZ,0.031,22967400.0,电力设备,电网设备
sz159807,科技ETF易方达,--,中际旭创,300308,,,--,--
sz159807,科技ETF易方达,--,恒瑞医药,600276,,,--,--
sz159807,科技ETF易方达,--,寒武纪,688256,,,--,--
sz159807,科技ETF易方达,--,海光信息,688041,,,--,--
sz159807,科技ETF易方达,--,中芯国际,688981,,,--,--
sz159807,科技ETF易方达,--,兆易创新,603986,,,--,--
sz159807,科技ETF易方达,--,京东方Ａ,000725,,,--,--
sz159807,科技ETF易方达,--,澜起科技,688008,,,--,--
sz159807,科技ETF易方达,--,天孚通信,300394,,,--,--
sz159807,科技ETF易方达,--,思源电气,002028,,,--,--
005544,银华瑞和灵活配置混合型证券投资基金A类,2026-03-31,中煤能源,601898.SH,0.05,114007998.4,煤炭,煤炭开采
005544,银华瑞和灵活配置混合型证券投资基金A类,2026-03-31,中稀有色,600259.SH,0.0496,113032128.0,有色金属,小金属
005544,银华瑞和灵活配置混合型证券投资基金A类,2026-03-31,兖矿能源,600188.SH,0.0489,111533593.5,煤炭,煤炭开采
005544,银华瑞和灵活配置混合型证券投资基金A类,2026-03-31,中国海油,600938.SH,0.0485,110507960.0,石油石化,油气开采Ⅱ
005544,银华瑞和灵活配置混合型证券投资基金A类,2026-03-31,晋控煤业,601001.SH,0.0479,109245518.07,煤炭,煤炭开采
005544,银华瑞和灵活配置混合型证券投资基金A类,2026-03-31,厦门钨业,600549.SH,0.047,107159160.6,有色金属,小金属
005544,银华瑞和灵活配置混合型证券投资基金A类,2026-03-31,巨化股份,600160.SH,0.0454,103491575.0,基础化工,化学制品
005544,银华瑞和灵活配置混合型证券投资基金A类,2026-03-31,中钨高新,000657.SZ,0.0441,100491477.58,有色金属,小金属
005544,银华瑞和灵活配置混合型证券投资基金A类,2026-03-31,华鲁恒升,600426.SH,0.0438,99843220.0,基础化工,农化制品
005544,银华瑞和灵活配置混合型证券投资基金A类,2026-03-31,万华化学,600309.SH,0.0429,97930546.7,基础化工,化学制品
016142,华安沣悦债券型证券投资基金A类,2026-03-31,航天彩虹,002389.SZ,0.0059,3650620.0,国防军工,航空装备Ⅱ
016142,华安沣悦债券型证券投资基金A类,2026-03-31,东方财富,300059.SZ,0.0059,3683550.0,非银金融,证券Ⅱ
016142,华安沣悦债券型证券投资基金A类,2026-03-31,双环传动,002472.SZ,0.0057,3528980.0,汽车,汽车零部件
016142,华安沣悦债券型证券投资基金A类,2026-03-31,芒果超媒,300413.SZ,0.0057,3563635.2,传媒,数字媒体
016142,华安沣悦债券型证券投资基金A类,2026-03-31,华润三九,000999.SZ,0.0056,3462688.02,医药生物,中药Ⅱ
016142,华安沣悦债券型证券投资基金A类,2026-03-31,科达利,002850.SZ,0.0056,3490500.0,电力设备,电池
016142,华安沣悦债券型证券投资基金A类,2026-03-31,中航沈飞,600760.SH,0.0055,3437982.0,国防军工,航空装备Ⅱ
016142,华安沣悦债券型证券投资基金A类,2026-03-31,中国银河,601881.SH,0.0054,3376100.0,非银金融,证券Ⅱ
016142,华安沣悦债券型证券投资基金A类,2026-03-31,温氏股份,300498.SZ,0.0051,3157800.0,农林牧渔,养殖业
016142,华安沣悦债券型证券投资基金A类,2026-03-31,宗申动力,001696.SZ,0.0043,2666600.0,机械设备,通用设备
sh513160,港股科技ETF银华,--,美团-W,03690.HK,0.1417,700009732.66,--,--
sh513160,港股科技ETF银华,--,小米集团-W,01810.HK,0.13,642044071.34,--,--
sh513160,港股科技ETF银华,--,腾讯控股,00700.HK,0.1226,605252689.14,--,--
sh513160,港股科技ETF银华,--,阿里巴巴-W,09988.HK,0.1141,563580097.99,--,--
sh513160,港股科技ETF银华,--,中芯国际,00981.HK,0.1047,516930361.84,--,--
sh513160,港股科技ETF银华,--,快手-W,01024.HK,0.067,331135323.78,--,--
sh513160,港股科技ETF银华,--,地平线机器人-W,09660.HK,0.0381,188344084.69,--,--
sh513160,港股科技ETF银华,--,商汤-W,00020.HK,0.0311,153457487.0,--,--
sh513160,港股科技ETF银华,--,联想集团,00992.HK,0.0307,151529583.33,--,--
sh513160,港股科技ETF银华,--,华虹宏力,01347.HK,0.0304,150354421.03,--,--
sh513160,港股科技ETF银华,--,美团-W,03690,,,--,--
sh513160,港股科技ETF银华,--,小米集团-W,01810,,,--,--
sh513160,港股科技ETF银华,--,腾讯控股,00700,,,--,--
sh513160,港股科技ETF银华,--,阿里巴巴-W,09988,,,--,--
sh513160,港股科技ETF银华,--,中芯国际,00981,,,--,--
sh513160,港股科技ETF银华,--,快手-W,01024,,,--,--
sh513160,港股科技ETF银华,--,地平线机器人-W,09660,,,--,--
sh513160,港股科技ETF银华,--,商汤-W,00020,,,--,--
sh513160,港股科技ETF银华,--,联想集团,00992,,,--,--
sh513160,港股科技ETF银华,--,华虹宏力,01347,,,--,--
017454,国泰慧益一年持有期混合型证券投资基金A类,2026-03-31,益诺思,688710.SH,0.0087,560758.0,医药生物,医疗服务
017454,国泰慧益一年持有期混合型证券投资基金A类,2026-03-31,国泰海通,601211.SH,0.0076,492723.0,非银金融,证券Ⅱ
017454,国泰慧益一年持有期混合型证券投资基金A类,2026-03-31,中国平安,601318.SH,0.0075,482630.0,非银金融,保险Ⅱ
017454,国泰慧益一年持有期混合型证券投资基金A类,2026-03-31,药明康德,603259.SH,0.0065,421830.0,医药生物,医疗服务
017454,国泰慧益一年持有期混合型证券投资基金A类,2026-03-31,泰格医药,300347.SZ,0.0063,409108.0,医药生物,医疗服务
017454,国泰慧益一年持有期混合型证券投资基金A类,2026-03-31,科伦药业,002422.SZ,0.0062,402404.0,医药生物,化学制药
017454,国泰慧益一年持有期混合型证券投资基金A类,2026-03-31,联赢激光,688518.SH,0.0059,382518.0,机械设备,自动化设备
017454,国泰慧益一年持有期混合型证券投资基金A类,2026-03-31,中国化学,601117.SH,0.0056,360390.0,建筑装饰,专业工程
017454,国泰慧益一年持有期混合型证券投资基金A类,2026-03-31,阳光电源,300274.SZ,0.0054,346748.0,电力设备,光伏设备
017454,国泰慧益一年持有期混合型证券投资基金A类,2026-03-31,荣昌生物,688331.SH,0.0053,342656.97,医药生物,生物制品
006314,国联策略优选混合型证券投资基金A类,2026-03-31,荣昌生物,688331.SH,0.0265,44835911.22,医药生物,生物制品
006314,国联策略优选混合型证券投资基金A类,2026-03-31,源杰科技,688498.SH,0.0265,44804417.28,电子,半导体
006314,国联策略优选混合型证券投资基金A类,2026-03-31,长光华芯,688048.SH,0.0262,44268576.0,电子,半导体
006314,国联策略优选混合型证券投资基金A类,2026-03-31,佰维存储,688525.SH,0.026,43905036.91,电子,半导体
006314,国联策略优选混合型证券投资基金A类,2026-03-31,亚翔集成,603929.SH,0.0253,42852180.0,建筑装饰,专业工程
006314,国联策略优选混合型证券投资基金A类,2026-03-31,博众精工,688097.SH,0.0236,39966200.18,机械设备,自动化设备
006314,国联策略优选混合型证券投资基金A类,2026-03-31,鼎胜新材,603876.SH,0.022,37293064.0,有色金属,工业金属
006314,国联策略优选混合型证券投资基金A类,2026-03-31,赤峰黄金,600988.SH,0.0219,37127468.2,有色金属,贵金属
006314,国联策略优选混合型证券投资基金A类,2026-03-31,赣锋锂业,002460.SZ,0.0218,36827626.8,有色金属,能源金属
006314,国联策略优选混合型证券投资基金A类,2026-03-31,重庆银行,601963.SH,0.0217,36735042.0,银行,城商行Ⅱ
012410,海富通成长领航混合型证券投资基金A类,2026-03-31,沪电股份,002463.SZ,0.0863,9093609.0,电子,元件
012410,海富通成长领航混合型证券投资基金A类,2026-03-31,新易盛,300502.SZ,0.0702,7404284.8,通信,通信设备
012410,海富通成长领航混合型证券投资基金A类,2026-03-31,华友钴业,603799.SH,0.0686,7229663.0,有色金属,能源金属
012410,海富通成长领航混合型证券投资基金A类,2026-03-31,扬杰科技,300373.SZ,0.0573,6038565.0,电子,半导体
012410,海富通成长领航混合型证券投资基金A类,2026-03-31,杰瑞股份,002353.SZ,0.0529,5575680.0,机械设备,专用设备
012410,海富通成长领航混合型证券投资基金A类,2026-03-31,思源电气,002028.SZ,0.0483,5090400.0,电力设备,电网设备
012410,海富通成长领航混合型证券投资基金A类,2026-03-31,中芯国际,688981.SH,0.0477,5033273.85,电子,半导体
012410,海富通成长领航混合型证券投资基金A类,2026-03-31,天润工业,002283.SZ,0.0423,4461650.0,汽车,汽车零部件
012410,海富通成长领航混合型证券投资基金A类,2026-03-31,生益科技,600183.SH,0.0375,3948993.0,电子,元件
012410,海富通成长领航混合型证券投资基金A类,2026-03-31,海光信息,688041.SH,0.034,3584512.48,电子,半导体
004571,万家家瑞债券型证券投资基金A类,2026-03-31,赣锋锂业,002460.SZ,0.0021,258654.0,有色金属,能源金属
004571,万家家瑞债券型证券投资基金A类,2026-03-31,长芯博创,300548.SZ,0.002,245040.0,通信,通信设备
004571,万家家瑞债券型证券投资基金A类,2026-03-31,德明利,001309.SZ,0.0019,228060.0,电子,半导体
004571,万家家瑞债券型证券投资基金A类,2026-03-31,中际旭创,300308.SZ,0.0019,227764.0,通信,通信设备
004571,万家家瑞债券型证券投资基金A类,2026-03-31,仕佳光子,688313.SH,0.0019,224613.0,通信,通信设备
004571,万家家瑞债券型证券投资基金A类,2026-03-31,万胜智能,300882.SZ,0.0018,215016.0,电力设备,电网设备
004571,万家家瑞债券型证券投资基金A类,2026-03-31,浙江新能,600032.SH,0.0017,210367.0,公用事业,电力
004571,万家家瑞债券型证券投资基金A类,2026-03-31,剑桥科技,603083.SH,0.0017,203200.0,通信,通信设备
004571,万家家瑞债券型证券投资基金A类,2026-03-31,生益电子,688183.SH,0.0017,209150.0,电子,元件
004571,万家家瑞债券型证券投资基金A类,2026-03-31,源杰科技,688498.SH,0.0017,201088.0,电子,半导体
sh512000,券商ETF华宝,--,东方财富,300059.SZ,0.1356,4746791046.43,非银金融,证券Ⅱ
sh512000,券商ETF华宝,--,中信证券,600030.SH,0.1331,4661380953.52,非银金融,证券Ⅱ
sh512000,券商ETF华宝,--,国泰海通,601211.SH,0.1063,3720140654.37,非银金融,证券Ⅱ
sh512000,券商ETF华宝,--,华泰证券,601688.SH,0.0591,2069616199.4,非银金融,证券Ⅱ
sh512000,券商ETF华宝,--,招商证券,600999.SH,0.0325,1137856204.0,非银金融,证券Ⅱ
sh512000,券商ETF华宝,--,广发证券,000776.SZ,0.0301,1054839902.64,非银金融,证券Ⅱ
sh512000,券商ETF华宝,--,东方证券,600958.SH,0.0269,943172372.08,非银金融,证券Ⅱ
sh512000,券商ETF华宝,--,申万宏源,000166.SZ,0.0239,838481290.92,非银金融,证券Ⅱ
sh512000,券商ETF华宝,--,兴业证券,601377.SH,0.023,806881758.94,非银金融,证券Ⅱ
sh512000,券商ETF华宝,--,中金公司,601995.SH,0.0215,753176006.5,非银金融,证券Ⅱ
sh512000,券商ETF华宝,--,东方财富,300059,,,--,--
sh512000,券商ETF华宝,--,中信证券,600030,,,--,--
sh512000,券商ETF华宝,--,国泰海通,601211,,,--,--
sh512000,券商ETF华宝,--,华泰证券,601688,,,--,--
sh512000,券商ETF华宝,--,招商证券,600999,,,--,--
sh512000,券商ETF华宝,--,广发证券,000776,,,--,--
sh512000,券商ETF华宝,--,东方证券,600958,,,--,--
sh512000,券商ETF华宝,--,申万宏源,000166,,,--,--
sh512000,券商ETF华宝,--,兴业证券,601377,,,--,--
sh512000,券商ETF华宝,--,中金公司,601995,,,--,--
519778,交银施罗德经济新动力混合型证券投资基金A类,2026-03-31,德业股份,605117.SH,0.0987,164671134.18,电力设备,光伏设备
519778,交银施罗德经济新动力混合型证券投资基金A类,2026-03-31,锦浪科技,300763.SZ,0.0385,64255680.0,电力设备,光伏设备
519778,交银施罗德经济新动力混合型证券投资基金A类,2026-03-31,伊利股份,600887.SH,0.0355,59157489.1,食品饮料,饮料乳品
519778,交银施罗德经济新动力混合型证券投资基金A类,2026-03-31,恒立液压,601100.SH,0.0347,57820800.0,机械设备,工程机械
519778,交银施罗德经济新动力混合型证券投资基金A类,2026-03-31,紫金矿业,601899.SH,0.034,56657952.0,有色金属,工业金属
519778,交银施罗德经济新动力混合型证券投资基金A类,2026-03-31,固德威,688390.SH,0.0338,56459397.9,电力设备,光伏设备
519778,交银施罗德经济新动力混合型证券投资基金A类,2026-03-31,北方华创,002371.SZ,0.0292,48720765.0,电子,半导体
519778,交银施罗德经济新动力混合型证券投资基金A类,2026-03-31,新易盛,300502.SZ,0.0292,48756684.0,通信,通信设备
519778,交银施罗德经济新动力混合型证券投资基金A类,2026-03-31,迈为股份,300751.SZ,0.0279,46586190.0,电力设备,光伏设备
519778,交银施罗德经济新动力混合型证券投资基金A类,2026-03-31,东方雨虹,002271.SZ,0.027,45032834.0,建筑材料,装修建材
013113,博时博盈稳健6个月持有期混合型证券投资基金A类,2026-03-31,宁德时代,300750.SZ,0.0102,11769810.0,电力设备,电池
013113,博时博盈稳健6个月持有期混合型证券投资基金A类,2026-03-31,亿纬锂能,300014.SZ,0.009,10361295.0,电力设备,电池
013113,博时博盈稳健6个月持有期混合型证券投资基金A类,2026-03-31,中国海油,600938.SH,0.0077,8800000.0,石油石化,油气开采Ⅱ
013113,博时博盈稳健6个月持有期混合型证券投资基金A类,2026-03-31,吉利汽车,00175.HK,0.0074,8533747.07,--,--
013113,博时博盈稳健6个月持有期混合型证券投资基金A类,2026-03-31,东鹏饮料,605499.SH,0.0065,7430774.0,食品饮料,饮料乳品
013113,博时博盈稳健6个月持有期混合型证券投资基金A类,2026-03-31,招商轮船,601872.SH,0.0063,7206580.0,交通运输,航运港口
013113,博时博盈稳健6个月持有期混合型证券投资基金A类,2026-03-31,中煤能源,601898.SH,0.0059,6723480.0,煤炭,煤炭开采
013113,博时博盈稳健6个月持有期混合型证券投资基金A类,2026-03-31,中广核矿业,01164.HK,0.0058,6663005.59,--,--
013113,博时博盈稳健6个月持有期混合型证券投资基金A类,2026-03-31,零跑汽车,09863.HK,0.0054,6227446.35,--,--
013113,博时博盈稳健6个月持有期混合型证券投资基金A类,2026-03-31,睿创微纳,688002.SH,0.0054,6213781.2,国防军工,军工电子Ⅱ
021730,富达低碳成长混合型证券投资基金A类,2026-03-31,中际旭创,300308.SZ,0.0703,6092687.0,通信,通信设备
021730,富达低碳成长混合型证券投资基金A类,2026-03-31,信息发展,300469.SZ,0.0655,5677892.0,计算机,软件开发
021730,富达低碳成长混合型证券投资基金A类,2026-03-31,新易盛,300502.SZ,0.0547,4738388.0,通信,通信设备
021730,富达低碳成长混合型证券投资基金A类,2026-03-31,兆易创新,603986.SH,0.0506,4381040.0,电子,半导体
021730,富达低碳成长混合型证券投资基金A类,2026-03-31,拓荆科技,688072.SH,0.0497,4309390.0,电子,半导体
021730,富达低碳成长混合型证券投资基金A类,2026-03-31,澜起科技,688008.SH,0.0486,4213792.8,电子,半导体
021730,富达低碳成长混合型证券投资基金A类,2026-03-31,中微公司,688012.SH,0.0444,3850583.84,电子,半导体
021730,富达低碳成长混合型证券投资基金A类,2026-03-31,长光华芯,688048.SH,0.04,3466156.0,电子,半导体
021730,富达低碳成长混合型证券投资基金A类,2026-03-31,赣锋锂业,002460.SZ,0.0384,3323312.0,有色金属,能源金属
021730,富达低碳成长混合型证券投资基金A类,2026-03-31,盐湖股份,000792.SZ,0.0361,3126500.0,基础化工,农化制品
017980,南方养老目标日期2055五年持有期混合型发起式基金中基金(FOF)A类,2026-03-31,亨通光电,600487.SH,0.0031,658250.0,通信,通信设备
017980,南方养老目标日期2055五年持有期混合型发起式基金中基金(FOF)A类,2026-03-31,北新建材,000786.SZ,0.003,652000.0,建筑材料,装修建材
017980,南方养老目标日期2055五年持有期混合型发起式基金中基金(FOF)A类,2026-03-31,紫金矿业,601899.SH,0.0023,490800.0,有色金属,工业金属
017980,南方养老目标日期2055五年持有期混合型发起式基金中基金(FOF)A类,2026-03-31,申菱环境,301018.SZ,0.0022,466752.0,机械设备,通用设备
017980,南方养老目标日期2055五年持有期混合型发起式基金中基金(FOF)A类,2026-03-31,兆易创新,603986.SH,0.0022,476200.0,电子,半导体
017980,南方养老目标日期2055五年持有期混合型发起式基金中基金(FOF)A类,2026-03-31,银轮股份,002126.SZ,0.0017,374088.0,汽车,汽车零部件
017980,南方养老目标日期2055五年持有期混合型发起式基金中基金(FOF)A类,2026-03-31,卫星化学,002648.SZ,0.0017,356298.0,基础化工,化学原料
017980,南方养老目标日期2055五年持有期混合型发起式基金中基金(FOF)A类,2026-03-31,中芯国际,00981.HK,0.0017,358124.52,--,--
017980,南方养老目标日期2055五年持有期混合型发起式基金中基金(FOF)A类,2026-03-31,顺络电子,002138.SZ,0.0016,338800.0,电子,元件
017980,南方养老目标日期2055五年持有期混合型发起式基金中基金(FOF)A类,2026-03-31,凯尔达,688255.SH,0.0015,314792.8,机械设备,自动化设备
008515,富兰克林国海基本面优选混合型证券投资基金A类,2026-03-31,民生银行,600016.SH,0.086,200384686.71,银行,股份制银行Ⅱ
008515,富兰克林国海基本面优选混合型证券投资基金A类,2026-03-31,华润置地,01109.HK,0.0782,182083997.44,--,--
008515,富兰克林国海基本面优选混合型证券投资基金A类,2026-03-31,长沙银行,601577.SH,0.0736,171510810.39,银行,城商行Ⅱ
008515,富兰克林国海基本面优选混合型证券投资基金A类,2026-03-31,腾讯控股,00700.HK,0.0679,158118686.0,--,--
008515,富兰克林国海基本面优选混合型证券投资基金A类,2026-03-31,中信银行,00998.HK,0.0661,153910104.83,--,--
008515,富兰克林国海基本面优选混合型证券投资基金A类,2026-03-31,中国海外发展,00688.HK,0.0611,142283507.52,--,--
008515,富兰克林国海基本面优选混合型证券投资基金A类,2026-03-31,宁波银行,002142.SZ,0.0468,109071016.95,银行,城商行Ⅱ
008515,富兰克林国海基本面优选混合型证券投资基金A类,2026-03-31,贵州茅台,600519.SH,0.0361,84100000.0,食品饮料,白酒Ⅱ
008515,富兰克林国海基本面优选混合型证券投资基金A类,2026-03-31,中国海洋石油,00883.HK,0.034,79186487.8,--,--
008515,富兰克林国海基本面优选混合型证券投资基金A类,2026-03-31,比亚迪,002594.SZ,0.0248,57719100.0,汽车,乘用车
008515,富兰克林国海基本面优选混合型证券投资基金A类,2026-03-31,比亚迪股份,01211.HK,0.0128,29893155.2,--,--
023466,华安中证A500增强策略交易型开放式指数证券投资基金发起式联接基金A类,2026-03-31,湖南裕能,301358.SZ,0.0038,770916.0,电力设备,电池
023466,华安中证A500增强策略交易型开放式指数证券投资基金发起式联接基金A类,2026-03-31,先导智能,300450.SZ,0.003,610560.0,电力设备,电池
023466,华安中证A500增强策略交易型开放式指数证券投资基金发起式联接基金A类,2026-03-31,盐湖股份,000792.SZ,0.0027,555000.0,基础化工,农化制品
023466,华安中证A500增强策略交易型开放式指数证券投资基金发起式联接基金A类,2026-03-31,天赐材料,002709.SZ,0.0027,542800.0,电力设备,电池
023466,华安中证A500增强策略交易型开放式指数证券投资基金发起式联接基金A类,2026-03-31,药明康德,603259.SH,0.0023,470880.0,医药生物,医疗服务
023466,华安中证A500增强策略交易型开放式指数证券投资基金发起式联接基金A类,2026-03-31,华测检测,300012.SZ,0.0022,448116.0,社会服务,专业服务
023466,华安中证A500增强策略交易型开放式指数证券投资基金发起式联接基金A类,2026-03-31,江淮汽车,600418.SH,0.002,406560.0,汽车,商用车
023466,华安中证A500增强策略交易型开放式指数证券投资基金发起式联接基金A类,2026-03-31,华友钴业,603799.SH,0.002,399364.0,有色金属,能源金属
023466,华安中证A500增强策略交易型开放式指数证券投资基金发起式联接基金A类,2026-03-31,同花顺,300033.SZ,0.0019,388050.0,计算机,软件开发
023466,华安中证A500增强策略交易型开放式指数证券投资基金发起式联接基金A类,2026-03-31,思特威,688213.SH,0.0019,387807.0,电子,半导体
350007,天治趋势精选灵活配置混合型证券投资基金,2026-03-31,新易盛,300502.SZ,0.0361,380842.4,通信,通信设备
350007,天治趋势精选灵活配置混合型证券投资基金,2026-03-31,中际旭创,300308.SZ,0.0324,341646.0,通信,通信设备
350007,天治趋势精选灵活配置混合型证券投资基金,2026-03-31,宏景科技,301396.SZ,0.0296,312711.6,计算机,IT服务Ⅱ
350007,天治趋势精选灵活配置混合型证券投资基金,2026-03-31,源杰科技,688498.SH,0.028,295599.36,电子,半导体
350007,天治趋势精选灵活配置混合型证券投资基金,2026-03-31,东山精密,002384.SZ,0.0264,278910.0,电子,元件
350007,天治趋势精选灵活配置混合型证券投资基金,2026-03-31,光库科技,300620.SZ,0.0253,267045.0,通信,通信设备
350007,天治趋势精选灵活配置混合型证券投资基金,2026-03-31,中材科技,002080.SZ,0.0242,255255.0,建筑材料,玻璃玻纤
350007,天治趋势精选灵活配置混合型证券投资基金,2026-03-31,华源控股,002787.SZ,0.0228,240400.0,轻工制造,包装印刷
350007,天治趋势精选灵活配置混合型证券投资基金,2026-03-31,芯原股份,688521.SH,0.0212,223541.5,电子,半导体
350007,天治趋势精选灵活配置混合型证券投资基金,2026-03-31,德福科技,301511.SZ,0.0207,218120.0,电力设备,电池
018112,工银瑞信北证50成份指数证券投资基金A类,2026-03-31,贝特瑞,920185.BJ,0.0709,31162196.97,电力设备,电池
018112,工银瑞信北证50成份指数证券投资基金A类,2026-03-31,锦波生物,920982.BJ,0.0498,21890344.35,美容护理,医疗美容
018112,工银瑞信北证50成份指数证券投资基金A类,2026-03-31,纳科诺尔,920522.BJ,0.0375,16480772.91,电力设备,电池
018112,工银瑞信北证50成份指数证券投资基金A类,2026-03-31,并行科技,920493.BJ,0.0368,16163421.79,计算机,IT服务Ⅱ
018112,工银瑞信北证50成份指数证券投资基金A类,2026-03-31,同力股份,920599.BJ,0.036,15830658.0,机械设备,工程机械
018112,工银瑞信北证50成份指数证券投资基金A类,2026-03-31,连城数控,920368.BJ,0.0344,15118625.44,电力设备,光伏设备
018112,工银瑞信北证50成份指数证券投资基金A类,2026-03-31,诺思兰德,920047.BJ,0.0335,14727902.2,医药生物,生物制品
018112,工银瑞信北证50成份指数证券投资基金A类,2026-03-31,星图测控,920116.BJ,0.0311,13658417.1,计算机,IT服务Ⅱ
018112,工银瑞信北证50成份指数证券投资基金A类,2026-03-31,曙光数创,920808.BJ,0.03,13159625.6,计算机,计算机设备
018112,工银瑞信北证50成份指数证券投资基金A类,2026-03-31,吉林碳谷,920077.BJ,0.0284,12474329.94,基础化工,化学纤维
009085,银华丰享一年持有期混合型证券投资基金,2026-03-31,新易盛,300502.SZ,0.0959,19174972.0,通信,通信设备
009085,银华丰享一年持有期混合型证券投资基金,2026-03-31,中际旭创,300308.SZ,0.0877,17537828.0,通信,通信设备
009085,银华丰享一年持有期混合型证券投资基金,2026-03-31,天孚通信,300394.SZ,0.0543,10857600.0,通信,通信设备
009085,银华丰享一年持有期混合型证券投资基金,2026-03-31,东山精密,002384.SZ,0.0536,10712210.0,电子,元件
009085,银华丰享一年持有期混合型证券投资基金,2026-03-31,光库科技,300620.SZ,0.0521,10414755.0,通信,通信设备
009085,银华丰享一年持有期混合型证券投资基金,2026-03-31,东阳光,600673.SH,0.0493,9850530.0,综合,综合Ⅱ
009085,银华丰享一年持有期混合型证券投资基金,2026-03-31,沪电股份,002463.SZ,0.0492,9830518.0,电子,元件
009085,银华丰享一年持有期混合型证券投资基金,2026-03-31,芯原股份,688521.SH,0.0485,9699273.5,电子,半导体
009085,银华丰享一年持有期混合型证券投资基金,2026-03-31,华勤技术,603296.SH,0.0472,9431301.0,电子,消费电子
009085,银华丰享一年持有期混合型证券投资基金,2026-03-31,灿芯股份,688691.SH,0.0471,9411645.6,电子,半导体
006477,中邮沪港深精选混合型证券投资基金A类,2026-03-31,腾讯控股,00700.HK,0.0921,3247843.28,--,--
006477,中邮沪港深精选混合型证券投资基金A类,2026-03-31,阿里巴巴-W,09988.HK,0.0864,3047060.45,--,--
006477,中邮沪港深精选混合型证券投资基金A类,2026-03-31,快手-W,01024.HK,0.0776,2736918.96,--,--
006477,中邮沪港深精选混合型证券投资基金A类,2026-03-31,中芯国际,00981.HK,0.0761,2685933.9,--,--
006477,中邮沪港深精选混合型证券投资基金A类,2026-03-31,比亚迪股份,01211.HK,0.0577,2036471.2,--,--
006477,中邮沪港深精选混合型证券投资基金A类,2026-03-31,小米集团-W,01810.HK,0.0421,1486252.08,--,--
006477,中邮沪港深精选混合型证券投资基金A类,2026-03-31,小鹏集团-W,09868.HK,0.0349,1230907.35,--,--
006477,中邮沪港深精选混合型证券投资基金A类,2026-03-31,恒隆地产,00101.HK,0.0273,963519.19,--,--
006477,中邮沪港深精选混合型证券投资基金A类,2026-03-31,华虹宏力,01347.HK,0.0272,959854.95,--,--
006477,中邮沪港深精选混合型证券投资基金A类,2026-03-31,百胜中国,09987.HK,0.0241,850722.33,--,--
010697,国联行业先锋6个月持有期混合型证券投资基金A类,2026-03-31,贵州茅台,600519.SH,0.102,16385000.0,食品饮料,白酒Ⅱ
010697,国联行业先锋6个月持有期混合型证券投资基金A类,2026-03-31,腾讯控股,00700.HK,0.091,14615294.76,--,--
010697,国联行业先锋6个月持有期混合型证券投资基金A类,2026-03-31,招商银行,600036.SH,0.0906,14540536.0,银行,股份制银行Ⅱ
010697,国联行业先锋6个月持有期混合型证券投资基金A类,2026-03-31,陕西煤业,601225.SH,0.0794,12754056.0,煤炭,煤炭开采
010697,国联行业先锋6个月持有期混合型证券投资基金A类,2026-03-31,美的集团,000333.SZ,0.0682,10948590.0,家用电器,白色家电
010697,国联行业先锋6个月持有期混合型证券投资基金A类,2026-03-31,五粮液,000858.SZ,0.0673,10812369.0,食品饮料,白酒Ⅱ
010697,国联行业先锋6个月持有期混合型证券投资基金A类,2026-03-31,中国海洋石油,00883.HK,0.0591,9493478.4,--,--
010697,国联行业先锋6个月持有期混合型证券投资基金A类,2026-03-31,宁德时代,300750.SZ,0.047,7551960.0,电力设备,电池
010697,国联行业先锋6个月持有期混合型证券投资基金A类,2026-03-31,川投能源,600674.SH,0.0423,6789840.0,公用事业,电力
010697,国联行业先锋6个月持有期混合型证券投资基金A类,2026-03-31,福耀玻璃,600660.SH,0.0417,6703200.0,汽车,汽车零部件
003853,金鹰信息产业股票型证券投资基金A类,2026-03-31,福晶科技,002222.SZ,0.1022,90078205.8,电子,光学光电子
003853,金鹰信息产业股票型证券投资基金A类,2026-03-31,中际旭创,300308.SZ,0.0731,64457212.0,通信,通信设备
003853,金鹰信息产业股票型证券投资基金A类,2026-03-31,鹏鼎控股,002938.SZ,0.0651,57344272.77,电子,元件
003853,金鹰信息产业股票型证券投资基金A类,2026-03-31,蓝特光学,688127.SH,0.0601,52931632.49,电子,光学光电子
003853,金鹰信息产业股票型证券投资基金A类,2026-03-31,晶方科技,603005.SH,0.0572,50422567.84,电子,半导体
003853,金鹰信息产业股票型证券投资基金A类,2026-03-31,华工科技,000988.SZ,0.0558,49203900.0,机械设备,自动化设备
003853,金鹰信息产业股票型证券投资基金A类,2026-03-31,英维克,002837.SZ,0.0548,48301340.5,机械设备,专用设备
003853,金鹰信息产业股票型证券投资基金A类,2026-03-31,华峰测控,688200.SH,0.0539,47554185.6,电子,半导体
003853,金鹰信息产业股票型证券投资基金A类,2026-03-31,盛科通信,688702.SH,0.0498,43926320.48,电子,半导体
003853,金鹰信息产业股票型证券投资基金A类,2026-03-31,德科立,688205.SH,0.0466,41062728.0,通信,通信设备
015133,华安鼎安优选一年持有期混合型证券投资基金A类,2026-03-31,宁德时代,300750.SZ,0.0415,2466438.0,电力设备,电池
015133,华安鼎安优选一年持有期混合型证券投资基金A类,2026-03-31,中国太保,601601.SH,0.0394,2344088.0,非银金融,保险Ⅱ
015133,华安鼎安优选一年持有期混合型证券投资基金A类,2026-03-31,中国人保,601319.SH,0.0246,1464178.0,非银金融,保险Ⅱ
015133,华安鼎安优选一年持有期混合型证券投资基金A类,2026-03-31,紫金矿业,601899.SH,0.0241,1433136.0,有色金属,工业金属
015133,华安鼎安优选一年持有期混合型证券投资基金A类,2026-03-31,西藏城投,600773.SH,0.0224,1334436.0,房地产,房地产开发
015133,华安鼎安优选一年持有期混合型证券投资基金A类,2026-03-31,中际旭创,300308.SZ,0.022,1309643.0,通信,通信设备
015133,华安鼎安优选一年持有期混合型证券投资基金A类,2026-03-31,新城控股,601155.SH,0.0185,1099785.0,房地产,房地产开发
015133,华安鼎安优选一年持有期混合型证券投资基金A类,2026-03-31,景津装备,603279.SH,0.0162,966108.0,机械设备,通用设备
015133,华安鼎安优选一年持有期混合型证券投资基金A类,2026-03-31,东华能源,002221.SZ,0.0147,874803.0,石油石化,炼化及贸易
015133,华安鼎安优选一年持有期混合型证券投资基金A类,2026-03-31,远东股份,600869.SH,0.0144,857328.0,电力设备,电网设备
013861,泓德产业升级混合型证券投资基金A类,2026-03-31,华鲁恒升,600426.SH,0.0473,2356620.0,基础化工,农化制品
013861,泓德产业升级混合型证券投资基金A类,2026-03-31,宁德时代,300750.SZ,0.0387,1928160.0,电力设备,电池
013861,泓德产业升级混合型证券投资基金A类,2026-03-31,华峰测控,688200.SH,0.0354,1763913.6,电子,半导体
013861,泓德产业升级混合型证券投资基金A类,2026-03-31,中国巨石,600176.SH,0.0351,1750320.0,建筑材料,玻璃玻纤
013861,泓德产业升级混合型证券投资基金A类,2026-03-31,工业富联,601138.SH,0.033,1646720.0,电子,消费电子
013861,泓德产业升级混合型证券投资基金A类,2026-03-31,德业股份,605117.SH,0.0324,1616958.0,电力设备,光伏设备
013861,泓德产业升级混合型证券投资基金A类,2026-03-31,杰瑞股份,002353.SZ,0.0318,1587520.0,机械设备,专用设备
013861,泓德产业升级混合型证券投资基金A类,2026-03-31,中熔电气,301031.SZ,0.0294,1465132.0,电子,其他电子Ⅱ
013861,泓德产业升级混合型证券投资基金A类,2026-03-31,广信股份,603599.SH,0.0288,1434510.0,基础化工,农化制品
013861,泓德产业升级混合型证券投资基金A类,2026-03-31,中芯国际,00981.HK,0.0243,1209909.25,--,--
017512,广发北证50成份指数型证券投资基金A类,2026-03-31,贝特瑞,920185.BJ,0.0704,46880520.39,电力设备,电池
017512,广发北证50成份指数型证券投资基金A类,2026-03-31,锦波生物,920982.BJ,0.0495,32929822.95,美容护理,医疗美容
017512,广发北证50成份指数型证券投资基金A类,2026-03-31,纳科诺尔,920522.BJ,0.0372,24791320.26,电力设备,电池
017512,广发北证50成份指数型证券投资基金A类,2026-03-31,并行科技,920493.BJ,0.0365,24313664.58,计算机,IT服务Ⅱ
017512,广发北证50成份指数型证券投资基金A类,2026-03-31,同力股份,920599.BJ,0.0358,23819724.0,机械设备,工程机械
017512,广发北证50成份指数型证券投资基金A类,2026-03-31,连城数控,920368.BJ,0.0342,22742576.9,电力设备,光伏设备
017512,广发北证50成份指数型证券投资基金A类,2026-03-31,诺思兰德,920047.BJ,0.0333,22151494.2,医药生物,生物制品
017512,广发北证50成份指数型证券投资基金A类,2026-03-31,星图测控,920116.BJ,0.0306,20392646.3,计算机,IT服务Ⅱ
017512,广发北证50成份指数型证券投资基金A类,2026-03-31,曙光数创,920808.BJ,0.0297,19795974.8,计算机,计算机设备
017512,广发北证50成份指数型证券投资基金A类,2026-03-31,吉林碳谷,920077.BJ,0.0282,18760283.64,基础化工,化学纤维
010239,平安瑞尚六个月持有期混合型证券投资基金A类,2026-03-31,嘉泽新能,601619.SH,0.0845,16508970.0,公用事业,电力
010239,平安瑞尚六个月持有期混合型证券投资基金A类,2026-03-31,华电科工,601226.SH,0.0481,9406497.0,建筑装饰,专业工程
010239,平安瑞尚六个月持有期混合型证券投资基金A类,2026-03-31,伊戈尔,002922.SZ,0.01,1948560.0,电子,其他电子Ⅱ
009618,交银施罗德启汇混合型证券投资基金A类,2026-03-31,药明康德,603259.SH,0.095,96706980.0,医药生物,医疗服务
009618,交银施罗德启汇混合型证券投资基金A类,2026-03-31,宁德时代,300750.SZ,0.0586,59724756.0,电力设备,电池
009618,交银施罗德启汇混合型证券投资基金A类,2026-03-31,信达生物,01801.HK,0.0427,43456559.75,--,--
009618,交银施罗德启汇混合型证券投资基金A类,2026-03-31,京东健康,06618.HK,0.0418,42588049.23,--,--
009618,交银施罗德启汇混合型证券投资基金A类,2026-03-31,华润万象生活,01209.HK,0.0314,31951583.17,--,--
009618,交银施罗德启汇混合型证券投资基金A类,2026-03-31,腾讯控股,00700.HK,0.0297,30200241.68,--,--
009618,交银施罗德启汇混合型证券投资基金A类,2026-03-31,锦江酒店,600754.SH,0.0287,29242621.0,社会服务,酒店餐饮
009618,交银施罗德启汇混合型证券投资基金A类,2026-03-31,安井食品,603345.SH,0.0281,28640146.0,食品饮料,食品加工
009618,交银施罗德启汇混合型证券投资基金A类,2026-03-31,科伦药业,002422.SZ,0.0273,27846946.53,医药生物,化学制药
009618,交银施罗德启汇混合型证券投资基金A类,2026-03-31,思源电气,002028.SZ,0.0262,26664000.0,电力设备,电网设备
121005,国投瑞银创新动力混合型证券投资基金,2026-03-31,鼎龙股份,300054.SZ,0.0699,57631700.0,电子,电子化学品Ⅱ
121005,国投瑞银创新动力混合型证券投资基金,2026-03-31,巨化股份,600160.SH,0.0406,33509858.25,基础化工,化学制品
121005,国投瑞银创新动力混合型证券投资基金,2026-03-31,中国平安,601318.SH,0.0393,32427058.0,非银金融,保险Ⅱ
121005,国投瑞银创新动力混合型证券投资基金,2026-03-31,三美股份,603379.SH,0.0334,27517795.0,基础化工,化学制品
121005,国投瑞银创新动力混合型证券投资基金,2026-03-31,宁德时代,300750.SZ,0.0332,27355770.0,电力设备,电池
121005,国投瑞银创新动力混合型证券投资基金,2026-03-31,TCL科技,000100.SZ,0.0329,27114927.0,电子,光学光电子
121005,国投瑞银创新动力混合型证券投资基金,2026-03-31,新凤鸣,603225.SH,0.0328,27046818.0,基础化工,化学纤维
121005,国投瑞银创新动力混合型证券投资基金,2026-03-31,天际股份,002759.SZ,0.0324,26689200.0,电力设备,电池
121005,国投瑞银创新动力混合型证券投资基金,2026-03-31,招商银行,600036.SH,0.0324,26694348.0,银行,股份制银行Ⅱ
121005,国投瑞银创新动力混合型证券投资基金,2026-03-31,桐昆股份,601233.SH,0.0324,26717610.0,石油石化,炼化及贸易
009179,嘉实中证主要消费交易型开放式指数证券投资基金发起式联接基金A类,2026-03-31,贵州茅台,600519.SH,0.0018,1305000.0,食品饮料,白酒Ⅱ
009179,嘉实中证主要消费交易型开放式指数证券投资基金发起式联接基金A类,2026-03-31,五粮液,000858.SZ,0.0016,1168913.13,食品饮料,白酒Ⅱ
009179,嘉实中证主要消费交易型开放式指数证券投资基金发起式联接基金A类,2026-03-31,伊利股份,600887.SH,0.0016,1169940.0,食品饮料,饮料乳品
009179,嘉实中证主要消费交易型开放式指数证券投资基金发起式联接基金A类,2026-03-31,牧原股份,002714.SZ,0.0014,1002708.4,农林牧渔,养殖业
009179,嘉实中证主要消费交易型开放式指数证券投资基金发起式联接基金A类,2026-03-31,温氏股份,300498.SZ,0.0011,779478.0,农林牧渔,养殖业
009179,嘉实中证主要消费交易型开放式指数证券投资基金发起式联接基金A类,2026-03-31,泸州老窖,000568.SZ,0.0009,669952.0,食品饮料,白酒Ⅱ
009179,嘉实中证主要消费交易型开放式指数证券投资基金发起式联接基金A类,2026-03-31,山西汾酒,600809.SH,0.0008,603713.2,食品饮料,白酒Ⅱ
009179,嘉实中证主要消费交易型开放式指数证券投资基金发起式联接基金A类,2026-03-31,海天味业,603288.SH,0.0008,602700.0,食品饮料,调味发酵品Ⅱ
009179,嘉实中证主要消费交易型开放式指数证券投资基金发起式联接基金A类,2026-03-31,海大集团,002311.SZ,0.0005,363613.0,农林牧渔,饲料
009179,嘉实中证主要消费交易型开放式指数证券投资基金发起式联接基金A类,2026-03-31,东鹏饮料,605499.SH,0.0005,367433.3,食品饮料,饮料乳品
009062,财通智慧成长混合型证券投资基金A类,2026-03-31,新易盛,300502.SZ,0.0797,33832976.0,通信,通信设备
009062,财通智慧成长混合型证券投资基金A类,2026-03-31,永鼎股份,600105.SH,0.0721,30606929.0,通信,通信设备
009062,财通智慧成长混合型证券投资基金A类,2026-03-31,中际旭创,300308.SZ,0.0701,29723202.0,通信,通信设备
009062,财通智慧成长混合型证券投资基金A类,2026-03-31,中远海能,600026.SH,0.0657,27876156.0,交通运输,航运港口
009062,财通智慧成长混合型证券投资基金A类,2026-03-31,招商轮船,601872.SH,0.0594,25206899.04,交通运输,航运港口
009062,财通智慧成长混合型证券投资基金A类,2026-03-31,源杰科技,688498.SH,0.0487,20645704.96,电子,半导体
009062,财通智慧成长混合型证券投资基金A类,2026-03-31,巨人网络,002558.SZ,0.0437,18520288.0,传媒,游戏Ⅱ
009062,财通智慧成长混合型证券投资基金A类,2026-03-31,招商南油,601975.SH,0.0346,14679034.7,交通运输,航运港口
009062,财通智慧成长混合型证券投资基金A类,2026-03-31,江丰电子,300666.SZ,0.0319,13546106.0,电子,半导体
009062,财通智慧成长混合型证券投资基金A类,2026-03-31,中国神华,601088.SH,0.0311,13211550.0,煤炭,煤炭开采
009062,财通智慧成长混合型证券投资基金A类,2026-03-31,中远海能,01138.HK,0.0148,6269192.23,--,--
673120,西部利得新富灵活配置混合型证券投资基金A类,2026-03-31,美的集团,000333.SZ,0.0711,313035.0,家用电器,白色家电
673120,西部利得新富灵活配置混合型证券投资基金A类,2026-03-31,长江电力,600900.SH,0.0706,310960.0,公用事业,电力
673120,西部利得新富灵活配置混合型证券投资基金A类,2026-03-31,贵州茅台,600519.SH,0.0658,290000.0,食品饮料,白酒Ⅱ
673120,西部利得新富灵活配置混合型证券投资基金A类,2026-03-31,潍柴动力,000338.SZ,0.0534,235128.0,汽车,汽车零部件
673120,西部利得新富灵活配置混合型证券投资基金A类,2026-03-31,圆通速递,600233.SH,0.0517,227695.0,交通运输,物流
673120,西部利得新富灵活配置混合型证券投资基金A类,2026-03-31,东阿阿胶,000423.SZ,0.0506,222963.0,医药生物,中药Ⅱ
673120,西部利得新富灵活配置混合型证券投资基金A类,2026-03-31,中国动力,600482.SH,0.0505,222443.0,电力设备,其他电源设备Ⅱ
673120,西部利得新富灵活配置混合型证券投资基金A类,2026-03-31,中国移动,600941.SH,0.049,215717.0,通信,通信服务
673120,西部利得新富灵活配置混合型证券投资基金A类,2026-03-31,盐湖股份,000792.SZ,0.0487,214600.0,基础化工,农化制品
673120,西部利得新富灵活配置混合型证券投资基金A类,2026-03-31,梅花生物,600873.SH,0.0478,210680.0,基础化工,化学制品
010137,华泰柏瑞量化创享混合型证券投资基金A类,2026-03-31,宁德时代,300750.SZ,0.0987,17578392.0,电力设备,电池
010137,华泰柏瑞量化创享混合型证券投资基金A类,2026-03-31,中际旭创,300308.SZ,0.0531,9462455.38,通信,通信设备
010137,华泰柏瑞量化创享混合型证券投资基金A类,2026-03-31,新易盛,300502.SZ,0.0529,9414778.4,通信,通信设备
010137,华泰柏瑞量化创享混合型证券投资基金A类,2026-03-31,阳光电源,300274.SZ,0.0318,5662545.6,电力设备,光伏设备
010137,华泰柏瑞量化创享混合型证券投资基金A类,2026-03-31,东方财富,300059.SZ,0.0207,3680357.59,非银金融,证券Ⅱ
010137,华泰柏瑞量化创享混合型证券投资基金A类,2026-03-31,胜宏科技,300476.SZ,0.018,3212800.0,电子,元件
010137,华泰柏瑞量化创享混合型证券投资基金A类,2026-03-31,天孚通信,300394.SZ,0.0168,2985840.0,通信,通信设备
010137,华泰柏瑞量化创享混合型证券投资基金A类,2026-03-31,海光信息,688041.SH,0.0163,2901588.0,电子,半导体
010137,华泰柏瑞量化创享混合型证券投资基金A类,2026-03-31,寒武纪,688256.SH,0.0156,2774026.0,电子,半导体
010137,华泰柏瑞量化创享混合型证券投资基金A类,2026-03-31,拓荆科技,688072.SH,0.0137,2442000.0,电子,半导体
018698,国投瑞银盛煊混合型证券投资基金A类,2026-03-31,中国动力,600482.SH,0.0871,19443398.0,电力设备,其他电源设备Ⅱ
018698,国投瑞银盛煊混合型证券投资基金A类,2026-03-31,宝武镁业,002182.SZ,0.0768,17142356.0,有色金属,小金属
018698,国投瑞银盛煊混合型证券投资基金A类,2026-03-31,龙源电力,00916.HK,0.0687,15329380.57,--,--
018698,国投瑞银盛煊混合型证券投资基金A类,2026-03-31,中海油田服务,02883.HK,0.066,14734175.15,--,--
018698,国投瑞银盛煊混合型证券投资基金A类,2026-03-31,中国化学,601117.SH,0.056,12487074.0,建筑装饰,专业工程
018698,国投瑞银盛煊混合型证券投资基金A类,2026-03-31,绿城中国,03900.HK,0.0467,10429131.69,--,--
018698,国投瑞银盛煊混合型证券投资基金A类,2026-03-31,首旅酒店,600258.SH,0.0438,9765686.7,社会服务,酒店餐饮
018698,国投瑞银盛煊混合型证券投资基金A类,2026-03-31,海兴电力,603556.SH,0.0421,9390640.0,电力设备,电网设备
018698,国投瑞银盛煊混合型证券投资基金A类,2026-03-31,长沙银行,601577.SH,0.0397,8868267.0,银行,城商行Ⅱ
018698,国投瑞银盛煊混合型证券投资基金A类,2026-03-31,古越龙山,600059.SH,0.0389,8684640.0,食品饮料,非白酒
005825,申万菱信智能驱动股票型证券投资基金A类,2026-03-31,华海清科,688120.SH,0.0804,134506350.0,电子,半导体
005825,申万菱信智能驱动股票型证券投资基金A类,2026-03-31,北方华创,002371.SZ,0.0781,130702800.0,电子,半导体
005825,申万菱信智能驱动股票型证券投资基金A类,2026-03-31,圣邦股份,300661.SZ,0.077,128868965.0,电子,半导体
005825,申万菱信智能驱动股票型证券投资基金A类,2026-03-31,中微公司,688012.SH,0.0753,125979166.68,电子,半导体
005825,申万菱信智能驱动股票型证券投资基金A类,2026-03-31,精测电子,300567.SZ,0.0692,115769700.0,机械设备,通用设备
005825,申万菱信智能驱动股票型证券投资基金A类,2026-03-31,中际旭创,300308.SZ,0.0624,104315912.0,通信,通信设备
005825,申万菱信智能驱动股票型证券投资基金A类,2026-03-31,纳芯微,688052.SH,0.0616,103032136.64,电子,半导体
005825,申万菱信智能驱动股票型证券投资基金A类,2026-03-31,新易盛,300502.SZ,0.0609,101808473.16,通信,通信设备
005825,申万菱信智能驱动股票型证券投资基金A类,2026-03-31,精智达,688627.SH,0.0591,98804554.75,机械设备,通用设备
005825,申万菱信智能驱动股票型证券投资基金A类,2026-03-31,中科飞测,688361.SH,0.057,95354964.45,电子,半导体
sh562970,光伏ETF易方达,--,特变电工,600089,,,--,--
sh562970,光伏ETF易方达,--,隆基绿能,601012,,,--,--
sh562970,光伏ETF易方达,--,阳光电源,300274,,,--,--
sh562970,光伏ETF易方达,--,TCL科技,000100,,,--,--
sh562970,光伏ETF易方达,--,德业股份,605117,,,--,--
sh562970,光伏ETF易方达,--,通威股份,600438,,,--,--
sh562970,光伏ETF易方达,--,迈为股份,300751,,,--,--
sh562970,光伏ETF易方达,--,罗博特科,300757,,,--,--
sh562970,光伏ETF易方达,--,正泰电器,601877,,,--,--
sh562970,光伏ETF易方达,--,捷佳伟创,300724,,,--,--
005609,富国军工主题混合型证券投资基金A类,2026-03-31,国科军工,688543.SH,0.0601,170704849.7,国防军工,地面兵装Ⅱ
005609,富国军工主题混合型证券投资基金A类,2026-03-31,睿创微纳,688002.SH,0.0565,160555318.0,国防军工,军工电子Ⅱ
005609,富国军工主题混合型证券投资基金A类,2026-03-31,国科天成,301571.SZ,0.0535,151960638.99,国防军工,军工电子Ⅱ
005609,富国军工主题混合型证券投资基金A类,2026-03-31,火炬电子,603678.SH,0.0514,145938969.02,国防军工,军工电子Ⅱ
005609,富国军工主题混合型证券投资基金A类,2026-03-31,航天电器,002025.SZ,0.0465,132032218.21,国防军工,军工电子Ⅱ
005609,富国军工主题混合型证券投资基金A类,2026-03-31,中国船舶,600150.SH,0.0435,123649279.2,国防军工,航海装备Ⅱ
005609,富国军工主题混合型证券投资基金A类,2026-03-31,中国动力,600482.SH,0.0423,120317162.94,电力设备,其他电源设备Ⅱ
005609,富国军工主题混合型证券投资基金A类,2026-03-31,菲利华,300395.SZ,0.0398,112996723.2,国防军工,航空装备Ⅱ
005609,富国军工主题混合型证券投资基金A类,2026-03-31,应流股份,603308.SH,0.0352,99910005.0,机械设备,通用设备
005609,富国军工主题混合型证券投资基金A类,2026-03-31,烽火通信,600498.SH,0.032,90913218.0,通信,通信设备
023501,安信中证A500指数增强型证券投资基金A类,2026-03-31,宁德时代,300750.SZ,0.037,13569426.0,电力设备,电池
023501,安信中证A500指数增强型证券投资基金A类,2026-03-31,中际旭创,300308.SZ,0.0231,8484209.0,通信,通信设备
023501,安信中证A500指数增强型证券投资基金A类,2026-03-31,贵州茅台,600519.SH,0.0213,7832900.0,食品饮料,白酒Ⅱ
023501,安信中证A500指数增强型证券投资基金A类,2026-03-31,紫金矿业,601899.SH,0.0185,6776312.0,有色金属,工业金属
023501,安信中证A500指数增强型证券投资基金A类,2026-03-31,兴业银行,601166.SH,0.014,5122804.0,银行,股份制银行Ⅱ
023501,安信中证A500指数增强型证券投资基金A类,2026-03-31,中国平安,601318.SH,0.0132,4860368.0,非银金融,保险Ⅱ
023501,安信中证A500指数增强型证券投资基金A类,2026-03-31,工商银行,601398.SH,0.0119,4352508.0,银行,国有大型银行Ⅱ
023501,安信中证A500指数增强型证券投资基金A类,2026-03-31,招商银行,600036.SH,0.0115,4211172.0,银行,股份制银行Ⅱ
023501,安信中证A500指数增强型证券投资基金A类,2026-03-31,美的集团,000333.SZ,0.0114,4168710.0,家用电器,白色家电
023501,安信中证A500指数增强型证券投资基金A类,2026-03-31,药明康德,603259.SH,0.0113,4139820.0,医药生物,医疗服务
sh562380,央企科技ETF银华,--,海康威视,002415,,,--,--
sh562380,央企科技ETF银华,--,深南电路,002916,,,--,--
sh562380,央企科技ETF银华,--,长电科技,600584,,,--,--
sh562380,央企科技ETF银华,--,光迅科技,002281,,,--,--
sh562380,央企科技ETF银华,--,海光信息,688041,,,--,--
sh562380,央企科技ETF银华,--,中航光电,002179,,,--,--
sh562380,央企科技ETF银华,--,航发动力,600893,,,--,--
sh562380,央企科技ETF银华,--,航天电子,600879,,,--,--
sh562380,央企科技ETF银华,--,中芯国际,688981,,,--,--
sh562380,央企科技ETF银华,--,烽火通信,600498,,,--,--
005810,南方瑞祥一年定期开放灵活配置混合型证券投资基金A类,2026-03-31,建设银行,00939.HK,0.0718,18682851.16,--,--
005810,南方瑞祥一年定期开放灵活配置混合型证券投资基金A类,2026-03-31,招商银行,600036.SH,0.0711,18484332.0,银行,股份制银行Ⅱ
005810,南方瑞祥一年定期开放灵活配置混合型证券投资基金A类,2026-03-31,中煤能源,01898.HK,0.0565,14685224.4,--,--
005810,南方瑞祥一年定期开放灵活配置混合型证券投资基金A类,2026-03-31,渝农商行,601077.SH,0.0557,14475060.0,银行,农商行Ⅱ
005810,南方瑞祥一年定期开放灵活配置混合型证券投资基金A类,2026-03-31,中国海洋石油,00883.HK,0.0535,13918823.8,--,--
005810,南方瑞祥一年定期开放灵活配置混合型证券投资基金A类,2026-03-31,中国石油股份,00857.HK,0.0509,13250430.65,--,--
005810,南方瑞祥一年定期开放灵活配置混合型证券投资基金A类,2026-03-31,格力电器,000651.SZ,0.0507,13199180.0,家用电器,白色家电
005810,南方瑞祥一年定期开放灵活配置混合型证券投资基金A类,2026-03-31,海尔智家,600690.SH,0.0477,12406814.0,家用电器,白色家电
005810,南方瑞祥一年定期开放灵活配置混合型证券投资基金A类,2026-03-31,苏美达,600710.SH,0.0459,11925654.0,商贸零售,贸易Ⅱ
005810,南方瑞祥一年定期开放灵活配置混合型证券投资基金A类,2026-03-31,北新建材,000786.SZ,0.0397,10319856.0,建筑材料,装修建材
005810,南方瑞祥一年定期开放灵活配置混合型证券投资基金A类,2026-03-31,重庆农村商业银行,03618.HK,0.0331,8615146.23,--,--
sz159739,云计算ETF鹏华,--,科大讯飞,002230.SZ,0.0892,37120493.0,计算机,软件开发
sz159739,云计算ETF鹏华,--,新易盛,300502.SZ,0.0553,23022365.92,通信,通信设备
sz159739,云计算ETF鹏华,--,润泽科技,300442.SZ,0.0551,22944210.4,通信,通信服务
sz159739,云计算ETF鹏华,--,中际旭创,300308.SZ,0.0505,21022617.2,通信,通信设备
sz159739,云计算ETF鹏华,--,浪潮信息,000977.SZ,0.0452,18827962.72,计算机,计算机设备
sz159739,云计算ETF鹏华,--,金山办公,688111.SH,0.0452,18810922.4,计算机,软件开发
sz159739,云计算ETF鹏华,--,紫光股份,000938.SZ,0.0416,17322930.0,计算机,IT服务Ⅱ
sz159739,云计算ETF鹏华,--,中科曙光,603019.SH,0.0392,16325220.0,计算机,计算机设备
sz159739,云计算ETF鹏华,--,拓维信息,002261.SZ,0.0359,14964004.0,计算机,软件开发
sz159739,云计算ETF鹏华,--,网宿科技,300017.SZ,0.0347,14442740.0,计算机,IT服务Ⅱ
sz159739,云计算ETF鹏华,--,科大讯飞,002230,,,--,--
sz159739,云计算ETF鹏华,--,新易盛,300502,,,--,--
sz159739,云计算ETF鹏华,--,润泽科技,300442,,,--,--
sz159739,云计算ETF鹏华,--,中际旭创,300308,,,--,--
sz159739,云计算ETF鹏华,--,浪潮信息,000977,,,--,--
sz159739,云计算ETF鹏华,--,金山办公,688111,,,--,--
sz159739,云计算ETF鹏华,--,紫光股份,000938,,,--,--
sz159739,云计算ETF鹏华,--,中科曙光,603019,,,--,--
sz159739,云计算ETF鹏华,--,拓维信息,002261,,,--,--
sz159739,云计算ETF鹏华,--,网宿科技,300017,,,--,--
018285,博时集兴配置优选6个月持有期混合型发起式基金中基金(FOF)A类,2026-03-31,松发股份,603268.SH,0.0579,819060.0,国防军工,航海装备Ⅱ
018285,博时集兴配置优选6个月持有期混合型发起式基金中基金(FOF)A类,2026-03-31,恒铭达,002947.SZ,0.0096,136350.0,电子,消费电子
018285,博时集兴配置优选6个月持有期混合型发起式基金中基金(FOF)A类,2026-03-31,九丰能源,605090.SH,0.0093,130900.0,公用事业,燃气Ⅱ
018285,博时集兴配置优选6个月持有期混合型发起式基金中基金(FOF)A类,2026-03-31,键邦股份,603285.SH,0.0088,124260.0,基础化工,化学制品
202009,南方盛元红利混合型证券投资基金,2026-03-31,宁德时代,300750.SZ,0.0718,40462839.3,电力设备,电池
202009,南方盛元红利混合型证券投资基金,2026-03-31,银轮股份,002126.SZ,0.0405,22821961.11,汽车,汽车零部件
202009,南方盛元红利混合型证券投资基金,2026-03-31,贵州茅台,600519.SH,0.0389,21909500.0,食品饮料,白酒Ⅱ
202009,南方盛元红利混合型证券投资基金,2026-03-31,建发股份,600153.SH,0.0318,17941027.68,交通运输,物流
202009,南方盛元红利混合型证券投资基金,2026-03-31,分众传媒,002027.SZ,0.0293,16517547.65,传媒,广告营销
202009,南方盛元红利混合型证券投资基金,2026-03-31,中际旭创,300308.SZ,0.0276,15567669.4,通信,通信设备
202009,南方盛元红利混合型证券投资基金,2026-03-31,立讯精密,002475.SZ,0.0249,14014470.0,电子,消费电子
202009,南方盛元红利混合型证券投资基金,2026-03-31,宝丰能源,600989.SH,0.0234,13190334.0,基础化工,化学原料
202009,南方盛元红利混合型证券投资基金,2026-03-31,卫星化学,002648.SZ,0.0226,12735195.32,基础化工,化学原料
202009,南方盛元红利混合型证券投资基金,2026-03-31,鲁西化工,000830.SZ,0.0212,11935518.3,基础化工,化学原料
161902,万家增强收益债券型证券投资基金C类,2026-03-31,扬农化工,600486.SH,0.0037,195000.0,基础化工,农化制品
161902,万家增强收益债券型证券投资基金C类,2026-03-31,藏格矿业,000408.SZ,0.0036,190248.0,有色金属,能源金属
161902,万家增强收益债券型证券投资基金C类,2026-03-31,中熔电气,301031.SZ,0.0036,193508.0,电子,其他电子Ⅱ
161902,万家增强收益债券型证券投资基金C类,2026-03-31,卫星化学,002648.SZ,0.0032,171244.0,基础化工,化学原料
161902,万家增强收益债券型证券投资基金C类,2026-03-31,航亚科技,688510.SH,0.0032,172630.84,国防军工,航空装备Ⅱ
161902,万家增强收益债券型证券投资基金C类,2026-03-31,中孚实业,600595.SH,0.0031,164388.0,有色金属,工业金属
161902,万家增强收益债券型证券投资基金C类,2026-03-31,神火股份,000933.SZ,0.003,160160.0,有色金属,工业金属
161902,万家增强收益债券型证券投资基金C类,2026-03-31,绿的谐波,688017.SH,0.0028,149353.68,机械设备,自动化设备
161902,万家增强收益债券型证券投资基金C类,2026-03-31,九丰能源,605090.SH,0.0027,142450.0,公用事业,燃气Ⅱ
161902,万家增强收益债券型证券投资基金C类,2026-03-31,盐湖股份,000792.SZ,0.0026,140600.0,基础化工,农化制品
008551,东财中证医药卫生指数型发起式证券投资基金A类,2026-03-31,药明康德,603259.SH,0.1077,10529367.3,医药生物,医疗服务
008551,东财中证医药卫生指数型发起式证券投资基金A类,2026-03-31,恒瑞医药,600276.SH,0.0889,8687652.16,医药生物,化学制药
008551,东财中证医药卫生指数型发起式证券投资基金A类,2026-03-31,迈瑞医疗,300760.SZ,0.051,4989198.0,医药生物,医疗器械
008551,东财中证医药卫生指数型发起式证券投资基金A类,2026-03-31,联影医疗,688271.SH,0.0283,2766288.0,医药生物,医疗器械
008551,东财中证医药卫生指数型发起式证券投资基金A类,2026-03-31,新和成,002001.SZ,0.0271,2651919.8,基础化工,化学制品
008551,东财中证医药卫生指数型发起式证券投资基金A类,2026-03-31,云南白药,000538.SZ,0.025,2443080.38,医药生物,中药Ⅱ
008551,东财中证医药卫生指数型发起式证券投资基金A类,2026-03-31,片仔癀,600436.SH,0.0233,2281610.0,医药生物,中药Ⅱ
008551,东财中证医药卫生指数型发起式证券投资基金A类,2026-03-31,爱尔眼科,300015.SZ,0.0227,2214555.66,医药生物,医疗服务
008551,东财中证医药卫生指数型发起式证券投资基金A类,2026-03-31,科伦药业,002422.SZ,0.0198,1939171.0,医药生物,化学制药
008551,东财中证医药卫生指数型发起式证券投资基金A类,2026-03-31,信立泰,002294.SZ,0.0174,1704418.0,医药生物,化学制药
001453,鹏华弘鑫灵活配置混合型证券投资基金A类,2026-03-31,海科新源,301292.SZ,0.0726,960990.0,电力设备,电池
001453,鹏华弘鑫灵活配置混合型证券投资基金A类,2026-03-31,天际股份,002759.SZ,0.0433,572700.0,电力设备,电池
001453,鹏华弘鑫灵活配置混合型证券投资基金A类,2026-03-31,石大胜华,603026.SH,0.0406,537230.0,电力设备,电池
001453,鹏华弘鑫灵活配置混合型证券投资基金A类,2026-03-31,艾罗能源,688717.SH,0.0339,448227.0,电力设备,光伏设备
001453,鹏华弘鑫灵活配置混合型证券投资基金A类,2026-03-31,金瑞矿业,600714.SH,0.0304,402633.0,基础化工,化学原料
001453,鹏华弘鑫灵活配置混合型证券投资基金A类,2026-03-31,国城矿业,000688.SZ,0.0238,314847.0,有色金属,工业金属
001453,鹏华弘鑫灵活配置混合型证券投资基金A类,2026-03-31,宝丰能源,600989.SH,0.0213,281882.0,基础化工,化学原料
001453,鹏华弘鑫灵活配置混合型证券投资基金A类,2026-03-31,龙蟠科技,603906.SH,0.0197,261232.0,电力设备,电池
sh560780,半导体设备ETF广发,--,中微公司,688012.SH,0.149,500740425.26,电子,半导体
sh560780,半导体设备ETF广发,--,北方华创,002371.SZ,0.1293,434557755.0,电子,半导体
sh560780,半导体设备ETF广发,--,拓荆科技,688072.SH,0.0742,249538360.0,电子,半导体
sh560780,半导体设备ETF广发,--,长川科技,300604.SZ,0.0633,212745375.0,电子,半导体
sh560780,半导体设备ETF广发,--,华海清科,688120.SH,0.0508,170576028.0,电子,半导体
sh560780,半导体设备ETF广发,--,中科飞测,688361.SH,0.0381,128039784.5,电子,半导体
sh560780,半导体设备ETF广发,--,沪硅产业,688126.SH,0.038,127801754.6,电子,半导体
sh560780,半导体设备ETF广发,--,南大光电,300346.SZ,0.0369,124110624.4,电子,电子化学品Ⅱ
sh560780,半导体设备ETF广发,--,江丰电子,300666.SZ,0.0351,118084872.58,电子,半导体
sh560780,半导体设备ETF广发,--,安集科技,688019.SH,0.0344,115517354.88,电子,电子化学品Ⅱ
sh560780,半导体设备ETF广发,--,中微公司,688012,,,--,--
sh560780,半导体设备ETF广发,--,北方华创,002371,,,--,--
sh560780,半导体设备ETF广发,--,拓荆科技,688072,,,--,--
sh560780,半导体设备ETF广发,--,长川科技,300604,,,--,--
sh560780,半导体设备ETF广发,--,华海清科,688120,,,--,--
sh560780,半导体设备ETF广发,--,中科飞测,688361,,,--,--
sh560780,半导体设备ETF广发,--,沪硅产业,688126,,,--,--
sh560780,半导体设备ETF广发,--,南大光电,300346,,,--,--
sh560780,半导体设备ETF广发,--,江丰电子,300666,,,--,--
sh560780,半导体设备ETF广发,--,安集科技,688019,,,--,--
013639,光大保德信中证500指数增强型证券投资基金A类,2026-03-31,信维通信,300136.SZ,0.0135,2319072.0,电子,消费电子
013639,光大保德信中证500指数增强型证券投资基金A类,2026-03-31,中矿资源,002738.SZ,0.0131,2266150.0,有色金属,小金属
013639,光大保德信中证500指数增强型证券投资基金A类,2026-03-31,兴业银锡,000426.SZ,0.013,2248298.0,有色金属,工业金属
013639,光大保德信中证500指数增强型证券投资基金A类,2026-03-31,蓝色光标,300058.SZ,0.0124,2144520.0,传媒,广告营销
013639,光大保德信中证500指数增强型证券投资基金A类,2026-03-31,长川科技,300604.SZ,0.0121,2082060.0,电子,半导体
013639,光大保德信中证500指数增强型证券投资基金A类,2026-03-31,通富微电,002156.SZ,0.0116,1996239.0,电子,半导体
013639,光大保德信中证500指数增强型证券投资基金A类,2026-03-31,中钨高新,000657.SZ,0.011,1894087.0,有色金属,小金属
013639,光大保德信中证500指数增强型证券投资基金A类,2026-03-31,睿创微纳,688002.SH,0.0105,1805914.0,国防军工,军工电子Ⅱ
013639,光大保德信中证500指数增强型证券投资基金A类,2026-03-31,浙江龙盛,600352.SH,0.0101,1744641.0,基础化工,化学制品
013639,光大保德信中证500指数增强型证券投资基金A类,2026-03-31,烽火通信,600498.SH,0.0099,1706224.0,通信,通信设备
009619,博时女性消费主题混合型证券投资基金A类,2026-03-31,毛戈平,01318.HK,0.0842,2463253.91,--,--
009619,博时女性消费主题混合型证券投资基金A类,2026-03-31,老铺黄金,06181.HK,0.0774,2264369.42,--,--
009619,博时女性消费主题混合型证券投资基金A类,2026-03-31,新乳业,002946.SZ,0.0738,2159398.0,食品饮料,饮料乳品
009619,博时女性消费主题混合型证券投资基金A类,2026-03-31,泡泡玛特,09992.HK,0.0676,1977949.27,--,--
009619,博时女性消费主题混合型证券投资基金A类,2026-03-31,水晶光电,002273.SZ,0.0631,1844748.0,电子,光学光电子
009619,博时女性消费主题混合型证券投资基金A类,2026-03-31,中际旭创,300308.SZ,0.0603,1765171.0,通信,通信设备
009619,博时女性消费主题混合型证券投资基金A类,2026-03-31,九号公司,689009.SH,0.0591,1728913.56,汽车,摩托车及其他
009619,博时女性消费主题混合型证券投资基金A类,2026-03-31,腾讯控股,00700.HK,0.0482,1410247.74,--,--
009619,博时女性消费主题混合型证券投资基金A类,2026-03-31,西麦食品,002956.SZ,0.0331,968256.0,食品饮料,休闲食品
009619,博时女性消费主题混合型证券投资基金A类,2026-03-31,哈尔斯,002615.SZ,0.0237,692100.0,轻工制造,家居用品
sz159676,创业板增强ETF富国,--,宁德时代,300750.SZ,0.0919,15553824.0,电力设备,电池
sz159676,创业板增强ETF富国,--,中际旭创,300308.SZ,0.0853,14431696.45,通信,通信设备
sz159676,创业板增强ETF富国,--,新易盛,300502.SZ,0.0654,11062143.2,通信,通信设备
sz159676,创业板增强ETF富国,--,阳光电源,300274.SZ,0.0457,7735947.88,电力设备,光伏设备
sz159676,创业板增强ETF富国,--,东方财富,300059.SZ,0.0433,7329112.21,非银金融,证券Ⅱ
sz159676,创业板增强ETF富国,--,汇川技术,300124.SZ,0.0394,6667974.0,机械设备,自动化设备
sz159676,创业板增强ETF富国,--,温氏股份,300498.SZ,0.0213,3603614.88,农林牧渔,养殖业
sz159676,创业板增强ETF富国,--,胜宏科技,300476.SZ,0.02,3388500.0,电子,元件
sz159676,创业板增强ETF富国,--,蓝思科技,300433.SZ,0.0195,3298842.0,电子,消费电子
sz159676,创业板增强ETF富国,--,特锐德,300001.SZ,0.0191,3236800.0,电力设备,电网设备
sz159676,创业板增强ETF富国,--,宁德时代,300750,,,--,--
sz159676,创业板增强ETF富国,--,中际旭创,300308,,,--,--
sz159676,创业板增强ETF富国,--,新易盛,300502,,,--,--
sz159676,创业板增强ETF富国,--,阳光电源,300274,,,--,--
sz159676,创业板增强ETF富国,--,东方财富,300059,,,--,--
sz159676,创业板增强ETF富国,--,汇川技术,300124,,,--,--
sz159676,创业板增强ETF富国,--,温氏股份,300498,,,--,--
sz159676,创业板增强ETF富国,--,胜宏科技,300476,,,--,--
sz159676,创业板增强ETF富国,--,蓝思科技,300433,,,--,--
sz159676,创业板增强ETF富国,--,特锐德,300001,,,--,--
001073,华泰柏瑞量化绝对收益策略定期开放混合型发起式证券投资基金,2026-03-31,宁德时代,300750.SZ,0.0174,401700.0,电力设备,电池
001073,华泰柏瑞量化绝对收益策略定期开放混合型发起式证券投资基金,2026-03-31,贵州茅台,600519.SH,0.0125,290000.0,食品饮料,白酒Ⅱ
001073,华泰柏瑞量化绝对收益策略定期开放混合型发起式证券投资基金,2026-03-31,中际旭创,300308.SZ,0.0099,227764.0,通信,通信设备
001073,华泰柏瑞量化绝对收益策略定期开放混合型发起式证券投资基金,2026-03-31,紫金矿业,601899.SH,0.0092,212680.0,有色金属,工业金属
001073,华泰柏瑞量化绝对收益策略定期开放混合型发起式证券投资基金,2026-03-31,工业富联,601138.SH,0.0076,174964.0,电子,消费电子
001073,华泰柏瑞量化绝对收益策略定期开放混合型发起式证券投资基金,2026-03-31,兴业银行,601166.SH,0.0073,169380.0,银行,股份制银行Ⅱ
001073,华泰柏瑞量化绝对收益策略定期开放混合型发起式证券投资基金,2026-03-31,国泰海通,601211.SH,0.0073,169218.0,非银金融,证券Ⅱ
001073,华泰柏瑞量化绝对收益策略定期开放混合型发起式证券投资基金,2026-03-31,招商银行,600036.SH,0.0066,153348.0,银行,股份制银行Ⅱ
001073,华泰柏瑞量化绝对收益策略定期开放混合型发起式证券投资基金,2026-03-31,立讯精密,002475.SZ,0.0064,147780.0,电子,消费电子
001073,华泰柏瑞量化绝对收益策略定期开放混合型发起式证券投资基金,2026-03-31,国信证券,002736.SZ,0.0058,134520.0,非银金融,证券Ⅱ
001719,工银瑞信国家战略主题股票型证券投资基金,2026-03-31,宁德时代,300750.SZ,0.0776,10444200.0,电力设备,电池
001719,工银瑞信国家战略主题股票型证券投资基金,2026-03-31,美的集团,000333.SZ,0.0737,9925500.0,家用电器,白色家电
001719,工银瑞信国家战略主题股票型证券投资基金,2026-03-31,东鹏饮料,605499.SH,0.0549,7389720.0,食品饮料,饮料乳品
001719,工银瑞信国家战略主题股票型证券投资基金,2026-03-31,立讯精密,002475.SZ,0.0512,6896400.0,电子,消费电子
001719,工银瑞信国家战略主题股票型证券投资基金,2026-03-31,安琪酵母,600298.SH,0.045,6061500.0,食品饮料,调味发酵品Ⅱ
001719,工银瑞信国家战略主题股票型证券投资基金,2026-03-31,石头科技,688169.SH,0.0445,5999000.0,家用电器,小家电
001719,工银瑞信国家战略主题股票型证券投资基金,2026-03-31,中熔电气,301031.SZ,0.0441,5943460.0,电子,其他电子Ⅱ
001719,工银瑞信国家战略主题股票型证券投资基金,2026-03-31,中际旭创,300308.SZ,0.0423,5694100.0,通信,通信设备
001719,工银瑞信国家战略主题股票型证券投资基金,2026-03-31,新乳业,002946.SZ,0.0401,5394000.0,食品饮料,饮料乳品
001719,工银瑞信国家战略主题股票型证券投资基金,2026-03-31,阳光电源,300274.SZ,0.0336,4522800.0,电力设备,光伏设备
sz159627,A100ETF华夏,--,宁德时代,300750.SZ,0.074,1582698.0,电力设备,电池
sz159627,A100ETF华夏,--,贵州茅台,600519.SH,0.0609,1303550.0,食品饮料,白酒Ⅱ
sz159627,A100ETF华夏,--,中际旭创,300308.SZ,0.0442,945220.6,通信,通信设备
sz159627,A100ETF华夏,--,中国平安,601318.SH,0.0422,902802.0,非银金融,保险Ⅱ
sz159627,A100ETF华夏,--,紫金矿业,601899.SH,0.0375,801640.0,有色金属,工业金属
sz159627,A100ETF华夏,--,招商银行,600036.SH,0.0339,725178.76,银行,股份制银行Ⅱ
sz159627,A100ETF华夏,--,美的集团,000333.SZ,0.0264,564990.0,家用电器,白色家电
sz159627,A100ETF华夏,--,长江电力,600900.SH,0.023,492128.0,公用事业,电力
sz159627,A100ETF华夏,--,比亚迪,002594.SZ,0.0202,431525.0,汽车,乘用车
sz159627,A100ETF华夏,--,立讯精密,002475.SZ,0.0175,374376.0,电子,消费电子
sz159627,A100ETF华夏,--,宁德时代,300750,,,--,--
sz159627,A100ETF华夏,--,贵州茅台,600519,,,--,--
sz159627,A100ETF华夏,--,中际旭创,300308,,,--,--
sz159627,A100ETF华夏,--,中国平安,601318,,,--,--
sz159627,A100ETF华夏,--,紫金矿业,601899,,,--,--
sz159627,A100ETF华夏,--,招商银行,600036,,,--,--
sz159627,A100ETF华夏,--,美的集团,000333,,,--,--
sz159627,A100ETF华夏,--,长江电力,600900,,,--,--
sz159627,A100ETF华夏,--,比亚迪,002594,,,--,--
sz159627,A100ETF华夏,--,立讯精密,002475,,,--,--
017600,华夏行业甄选混合型证券投资基金A类,2026-03-31,宁德时代,300750.SZ,0.1005,15144090.0,电力设备,电池
017600,华夏行业甄选混合型证券投资基金A类,2026-03-31,锦江酒店,600754.SH,0.0746,11234347.0,社会服务,酒店餐饮
017600,华夏行业甄选混合型证券投资基金A类,2026-03-31,腾讯控股,00700.HK,0.0701,10555490.66,--,--
017600,华夏行业甄选混合型证券投资基金A类,2026-03-31,阿里巴巴-W,09988.HK,0.062,9340816.35,--,--
017600,华夏行业甄选混合型证券投资基金A类,2026-03-31,寒武纪,688256.SH,0.0601,9058345.0,电子,半导体
017600,华夏行业甄选混合型证券投资基金A类,2026-03-31,零跑汽车,09863.HK,0.0584,8797305.88,--,--
017600,华夏行业甄选混合型证券投资基金A类,2026-03-31,金龙汽车,600686.SH,0.0582,8761395.0,汽车,商用车
017600,华夏行业甄选混合型证券投资基金A类,2026-03-31,中创新航,03931.HK,0.0525,7911037.75,--,--
017600,华夏行业甄选混合型证券投资基金A类,2026-03-31,浪潮信息,000977.SZ,0.0413,6224880.0,计算机,计算机设备
017600,华夏行业甄选混合型证券投资基金A类,2026-03-31,珠海冠宇,688772.SH,0.0349,5250726.0,电力设备,电池
012454,淳厚鑫悦商业模式优选混合型证券投资基金A类,2026-03-31,东方甄选,01797.HK,0.0925,7613942.74,--,--
012454,淳厚鑫悦商业模式优选混合型证券投资基金A类,2026-03-31,长飞光纤光缆,06869.HK,0.056,4605025.73,--,--
012454,淳厚鑫悦商业模式优选混合型证券投资基金A类,2026-03-31,欧科亿,688308.SH,0.0512,4213398.52,机械设备,通用设备
012454,淳厚鑫悦商业模式优选混合型证券投资基金A类,2026-03-31,振江股份,603507.SH,0.0496,4077720.0,电力设备,风电设备
012454,淳厚鑫悦商业模式优选混合型证券投资基金A类,2026-03-31,大金重工,002487.SZ,0.0464,3819560.0,电力设备,风电设备
012454,淳厚鑫悦商业模式优选混合型证券投资基金A类,2026-03-31,华康洁净,301235.SZ,0.0463,3813101.0,医药生物,医疗器械
012454,淳厚鑫悦商业模式优选混合型证券投资基金A类,2026-03-31,康方生物,09926.HK,0.0461,3793682.97,--,--
012454,淳厚鑫悦商业模式优选混合型证券投资基金A类,2026-03-31,江山股份,600389.SH,0.0454,3733258.0,基础化工,农化制品
012454,淳厚鑫悦商业模式优选混合型证券投资基金A类,2026-03-31,艾罗能源,688717.SH,0.0429,3526263.0,电力设备,光伏设备
012454,淳厚鑫悦商业模式优选混合型证券投资基金A类,2026-03-31,润丰股份,301035.SZ,0.0413,3400304.0,基础化工,农化制品
005323,前海开源泽鑫灵活配置混合型证券投资基金A类,2026-03-31,贵州茅台,600519.SH,0.041,3770000.0,食品饮料,白酒Ⅱ
005323,前海开源泽鑫灵活配置混合型证券投资基金A类,2026-03-31,中国平安,601318.SH,0.0379,3486292.0,非银金融,保险Ⅱ
005323,前海开源泽鑫灵活配置混合型证券投资基金A类,2026-03-31,招商银行,600036.SH,0.0355,3259628.0,银行,股份制银行Ⅱ
005323,前海开源泽鑫灵活配置混合型证券投资基金A类,2026-03-31,恒瑞医药,600276.SH,0.0231,2125970.0,医药生物,化学制药
005323,前海开源泽鑫灵活配置混合型证券投资基金A类,2026-03-31,海螺水泥,600585.SH,0.0226,2079768.0,建筑材料,水泥
005323,前海开源泽鑫灵活配置混合型证券投资基金A类,2026-03-31,伊利股份,600887.SH,0.021,1926185.0,食品饮料,饮料乳品
005323,前海开源泽鑫灵活配置混合型证券投资基金A类,2026-03-31,药明康德,603259.SH,0.0172,1579410.0,医药生物,医疗服务
005323,前海开源泽鑫灵活配置混合型证券投资基金A类,2026-03-31,保利发展,600048.SH,0.013,1195428.0,房地产,房地产开发
005323,前海开源泽鑫灵活配置混合型证券投资基金A类,2026-03-31,工商银行,601398.SH,0.0129,1187256.0,银行,国有大型银行Ⅱ
005323,前海开源泽鑫灵活配置混合型证券投资基金A类,2026-03-31,福耀玻璃,600660.SH,0.0128,1179900.0,汽车,汽车零部件
sh563580,自由现金流800ETF万家,--,中国海油,600938,,,--,--
sh563580,自由现金流800ETF万家,--,上汽集团,600104,,,--,--
sh563580,自由现金流800ETF万家,--,格力电器,000651,,,--,--
sh563580,自由现金流800ETF万家,--,中国电信,601728,,,--,--
sh563580,自由现金流800ETF万家,--,中远海控,601919,,,--,--
sh563580,自由现金流800ETF万家,--,长城汽车,601633,,,--,--
sh563580,自由现金流800ETF万家,--,牧原股份,002714,,,--,--
sh563580,自由现金流800ETF万家,--,TCL科技,000100,,,--,--
sh563580,自由现金流800ETF万家,--,宝钢股份,600019,,,--,--
sh563580,自由现金流800ETF万家,--,顺丰控股,002352,,,--,--
519697,交银施罗德优势行业灵活配置混合型证券投资基金,2026-03-31,贵州茅台,600519.SH,0.0999,254185000.0,食品饮料,白酒Ⅱ
519697,交银施罗德优势行业灵活配置混合型证券投资基金,2026-03-31,药明康德,603259.SH,0.0989,251593832.7,医药生物,医疗服务
519697,交银施罗德优势行业灵活配置混合型证券投资基金,2026-03-31,新易盛,300502.SZ,0.094,239222168.0,通信,通信设备
519697,交银施罗德优势行业灵活配置混合型证券投资基金,2026-03-31,中际旭创,300308.SZ,0.0881,224176717.0,通信,通信设备
519697,交银施罗德优势行业灵活配置混合型证券投资基金,2026-03-31,思源电气,002028.SZ,0.0539,137238800.0,电力设备,电网设备
519697,交银施罗德优势行业灵活配置混合型证券投资基金,2026-03-31,工业富联,601138.SH,0.0532,135457231.72,电子,消费电子
519697,交银施罗德优势行业灵活配置混合型证券投资基金,2026-03-31,普冉股份,688766.SH,0.0477,121362322.27,电子,半导体
519697,交银施罗德优势行业灵活配置混合型证券投资基金,2026-03-31,兆易创新,603986.SH,0.0461,117257107.0,电子,半导体
519697,交银施罗德优势行业灵活配置混合型证券投资基金,2026-03-31,北方华创,002371.SZ,0.0335,85242900.0,电子,半导体
519697,交银施罗德优势行业灵活配置混合型证券投资基金,2026-03-31,紫金矿业,601899.SH,0.0324,82549288.0,有色金属,工业金属
011740,博时成长精选混合型证券投资基金A类,2026-03-31,嘉友国际,603871.SH,0.0691,27687363.0,交通运输,物流
011740,博时成长精选混合型证券投资基金A类,2026-03-31,中国平安,601318.SH,0.0661,26510582.0,非银金融,保险Ⅱ
011740,博时成长精选混合型证券投资基金A类,2026-03-31,中国人寿,02628.HK,0.0634,25413066.9,--,--
011740,博时成长精选混合型证券投资基金A类,2026-03-31,恒逸石化,000703.SZ,0.0561,22506397.0,石油石化,炼化及贸易
011740,博时成长精选混合型证券投资基金A类,2026-03-31,云图控股,002539.SZ,0.0558,22369260.0,基础化工,农化制品
011740,博时成长精选混合型证券投资基金A类,2026-03-31,中国东方航空股份,00670.HK,0.0541,21699891.31,--,--
011740,博时成长精选混合型证券投资基金A类,2026-03-31,中国太保,02601.HK,0.0402,16112170.49,--,--
011740,博时成长精选混合型证券投资基金A类,2026-03-31,中煤能源,01898.HK,0.0354,14207371.86,--,--
011740,博时成长精选混合型证券投资基金A类,2026-03-31,方大特钢,600507.SH,0.034,13633066.2,钢铁,特钢Ⅱ
011740,博时成长精选混合型证券投资基金A类,2026-03-31,中国联塑,02128.HK,0.0333,13347025.38,--,--
011740,博时成长精选混合型证券投资基金A类,2026-03-31,中国太保,601601.SH,0.0281,11260524.0,非银金融,保险Ⅱ
014287,泰康新锐成长混合型证券投资基金A类,2026-03-31,腾讯控股,00700.HK,0.0514,297606540.0,--,--
014287,泰康新锐成长混合型证券投资基金A类,2026-03-31,中国巨石,600176.SH,0.0494,286184613.0,建筑材料,玻璃玻纤
014287,泰康新锐成长混合型证券投资基金A类,2026-03-31,华润微,688396.SH,0.0447,259227833.02,电子,半导体
014287,泰康新锐成长混合型证券投资基金A类,2026-03-31,紫金矿业,601899.SH,0.0355,205637347.2,有色金属,工业金属
014287,泰康新锐成长混合型证券投资基金A类,2026-03-31,北方华创,002371.SZ,0.0349,202406070.0,电子,半导体
014287,泰康新锐成长混合型证券投资基金A类,2026-03-31,阿里巴巴-W,09988.HK,0.0349,201986568.0,--,--
014287,泰康新锐成长混合型证券投资基金A类,2026-03-31,中芯国际,00981.HK,0.0345,199875665.0,--,--
014287,泰康新锐成长混合型证券投资基金A类,2026-03-31,宁德时代,300750.SZ,0.0344,199119476.4,电力设备,电池
014287,泰康新锐成长混合型证券投资基金A类,2026-03-31,九号公司,689009.SH,0.0333,192661012.5,汽车,摩托车及其他
014287,泰康新锐成长混合型证券投资基金A类,2026-03-31,中国化学,601117.SH,0.0329,190479897.72,建筑装饰,专业工程
023244,东海启元添益6个月持有期混合型发起式证券投资基金A类,2026-03-31,紫金矿业,601899.SH,0.0192,196320.0,有色金属,工业金属
023244,东海启元添益6个月持有期混合型发起式证券投资基金A类,2026-03-31,华宝新能,301327.SZ,0.0174,178500.0,电力设备,电池
023244,东海启元添益6个月持有期混合型发起式证券投资基金A类,2026-03-31,杰普特,688025.SH,0.0167,170800.0,机械设备,自动化设备
023244,东海启元添益6个月持有期混合型发起式证券投资基金A类,2026-03-31,东方钽业,000962.SZ,0.0152,155435.0,有色金属,小金属
023244,东海启元添益6个月持有期混合型发起式证券投资基金A类,2026-03-31,应流股份,603308.SH,0.0151,154325.0,机械设备,通用设备
023244,东海启元添益6个月持有期混合型发起式证券投资基金A类,2026-03-31,中矿资源,002738.SZ,0.0145,148600.0,有色金属,小金属
023244,东海启元添益6个月持有期混合型发起式证券投资基金A类,2026-03-31,中钨高新,000657.SZ,0.014,143130.0,有色金属,小金属
023244,东海启元添益6个月持有期混合型发起式证券投资基金A类,2026-03-31,华峰测控,688200.SH,0.0128,131400.0,电子,半导体
023244,东海启元添益6个月持有期混合型发起式证券投资基金A类,2026-03-31,炬光科技,688167.SH,0.0127,129996.0,电子,半导体
023244,东海启元添益6个月持有期混合型发起式证券投资基金A类,2026-03-31,云意电气,300304.SZ,0.0126,128900.0,汽车,汽车零部件
001277,博时国企改革主题股票型证券投资基金A类,2026-03-31,潍柴动力,000338.SZ,0.0662,13644696.0,汽车,汽车零部件
001277,博时国企改革主题股票型证券投资基金A类,2026-03-31,宁德时代,300750.SZ,0.0616,12693720.0,电力设备,电池
001277,博时国企改革主题股票型证券投资基金A类,2026-03-31,中国平安,601318.SH,0.04,8250134.0,非银金融,保险Ⅱ
001277,博时国企改革主题股票型证券投资基金A类,2026-03-31,紫金矿业,601899.SH,0.039,8032760.0,有色金属,工业金属
001277,博时国企改革主题股票型证券投资基金A类,2026-03-31,中国动力,600482.SH,0.0368,7591259.0,电力设备,其他电源设备Ⅱ
001277,博时国企改革主题股票型证券投资基金A类,2026-03-31,东方电气,600875.SH,0.035,7209785.0,电力设备,其他电源设备Ⅱ
001277,博时国企改革主题股票型证券投资基金A类,2026-03-31,万华化学,600309.SH,0.0332,6840645.0,基础化工,化学制品
001277,博时国企改革主题股票型证券投资基金A类,2026-03-31,海康威视,002415.SZ,0.0297,6114420.0,计算机,计算机设备
001277,博时国企改革主题股票型证券投资基金A类,2026-03-31,江淮汽车,600418.SH,0.0291,6006000.0,汽车,商用车
001277,博时国企改革主题股票型证券投资基金A类,2026-03-31,中国太保,601601.SH,0.0286,5901019.0,非银金融,保险Ⅱ
005445,华宝价值发现混合型证券投资基金A类,2026-03-31,科锐国际,300662.SZ,0.0231,847080.0,社会服务,专业服务
005445,华宝价值发现混合型证券投资基金A类,2026-03-31,物产中大,600704.SH,0.0144,526806.0,交通运输,物流
005445,华宝价值发现混合型证券投资基金A类,2026-03-31,大参林,603233.SH,0.0125,456946.0,医药生物,医药商业
005445,华宝价值发现混合型证券投资基金A类,2026-03-31,华设集团,603018.SH,0.0124,454167.0,建筑装饰,工程咨询服务Ⅱ
005445,华宝价值发现混合型证券投资基金A类,2026-03-31,盐津铺子,002847.SZ,0.0123,451212.0,食品饮料,休闲食品
005445,华宝价值发现混合型证券投资基金A类,2026-03-31,顾家家居,603816.SH,0.0122,447560.0,轻工制造,家居用品
005445,华宝价值发现混合型证券投资基金A类,2026-03-31,安恒信息,688023.SH,0.0122,444902.0,计算机,软件开发
005445,华宝价值发现混合型证券投资基金A类,2026-03-31,裕同科技,002831.SZ,0.0121,443800.0,轻工制造,包装印刷
005445,华宝价值发现混合型证券投资基金A类,2026-03-31,创新新材,600361.SH,0.0109,397854.0,有色金属,工业金属
005445,华宝价值发现混合型证券投资基金A类,2026-03-31,常熟汽饰,603035.SH,0.0104,382160.0,汽车,汽车零部件
020098,万家惠诚回报平衡一年持有期混合型证券投资基金A类,2026-03-31,中国东方航空股份,00670.HK,0.0072,585484.15,--,--
020098,万家惠诚回报平衡一年持有期混合型证券投资基金A类,2026-03-31,中国南方航空股份,01055.HK,0.0055,447655.65,--,--
020098,万家惠诚回报平衡一年持有期混合型证券投资基金A类,2026-03-31,中国国航,00753.HK,0.0045,363157.34,--,--
020098,万家惠诚回报平衡一年持有期混合型证券投资基金A类,2026-03-31,中国中免,601888.SH,0.0035,281520.0,商贸零售,旅游零售Ⅱ
020098,万家惠诚回报平衡一年持有期混合型证券投资基金A类,2026-03-31,中国平安,601318.SH,0.0028,227120.0,非银金融,保险Ⅱ
020098,万家惠诚回报平衡一年持有期混合型证券投资基金A类,2026-03-31,京沪高铁,601816.SH,0.0025,202400.0,交通运输,铁路公路
020098,万家惠诚回报平衡一年持有期混合型证券投资基金A类,2026-03-31,恒瑞医药,600276.SH,0.0024,193270.0,医药生物,化学制药
020098,万家惠诚回报平衡一年持有期混合型证券投资基金A类,2026-03-31,旭升集团,603305.SH,0.0022,175560.0,汽车,汽车零部件
020098,万家惠诚回报平衡一年持有期混合型证券投资基金A类,2026-03-31,腾讯控股,00700.HK,0.0021,170939.12,--,--
020098,万家惠诚回报平衡一年持有期混合型证券投资基金A类,2026-03-31,爱柯迪,600933.SH,0.0021,168600.0,汽车,汽车零部件
020098,万家惠诚回报平衡一年持有期混合型证券投资基金A类,2026-03-31,中国东航,600115.SH,0.001,85000.0,交通运输,航空机场
020098,万家惠诚回报平衡一年持有期混合型证券投资基金A类,2026-03-31,中国国航,601111.SH,0.0008,67300.0,交通运输,航空机场
001322,东吴新趋势价值线灵活配置混合型证券投资基金,2026-03-31,立讯精密,002475.SZ,0.0951,118224000.0,电子,消费电子
001322,东吴新趋势价值线灵活配置混合型证券投资基金,2026-03-31,新易盛,300502.SZ,0.0926,115138400.0,通信,通信设备
001322,东吴新趋势价值线灵活配置混合型证券投资基金,2026-03-31,沪电股份,002463.SZ,0.0917,113955000.0,电子,元件
001322,东吴新趋势价值线灵活配置混合型证券投资基金,2026-03-31,中际旭创,300308.SZ,0.0916,113882000.0,通信,通信设备
001322,东吴新趋势价值线灵活配置混合型证券投资基金,2026-03-31,德赛西威,002920.SZ,0.0836,103911164.0,计算机,软件开发
001322,东吴新趋势价值线灵活配置混合型证券投资基金,2026-03-31,胜宏科技,300476.SZ,0.0767,95380000.0,电子,元件
001322,东吴新趋势价值线灵活配置混合型证券投资基金,2026-03-31,赣锋锂业,002460.SZ,0.0662,82299000.0,有色金属,能源金属
001322,东吴新趋势价值线灵活配置混合型证券投资基金,2026-03-31,工业富联,601138.SH,0.0613,76160800.0,电子,消费电子
001322,东吴新趋势价值线灵活配置混合型证券投资基金,2026-03-31,水晶光电,002273.SZ,0.0585,72732000.0,电子,光学光电子
001322,东吴新趋势价值线灵活配置混合型证券投资基金,2026-03-31,天赐材料,002709.SZ,0.0518,64400000.0,电力设备,电池
010955,天弘中证智能汽车主题指数型发起式证券投资基金A类,2026-03-31,比亚迪,002594.SZ,0.0558,24975825.0,汽车,乘用车
010955,天弘中证智能汽车主题指数型发起式证券投资基金A类,2026-03-31,立讯精密,002475.SZ,0.0547,24509657.82,电子,消费电子
010955,天弘中证智能汽车主题指数型发起式证券投资基金A类,2026-03-31,赛力斯,601127.SH,0.048,21490378.0,汽车,乘用车
010955,天弘中证智能汽车主题指数型发起式证券投资基金A类,2026-03-31,长安汽车,000625.SZ,0.0479,21465000.0,汽车,乘用车
010955,天弘中证智能汽车主题指数型发起式证券投资基金A类,2026-03-31,拓普集团,601689.SH,0.0464,20792548.8,汽车,汽车零部件
010955,天弘中证智能汽车主题指数型发起式证券投资基金A类,2026-03-31,芯原股份,688521.SH,0.0453,20305255.6,电子,半导体
010955,天弘中证智能汽车主题指数型发起式证券投资基金A类,2026-03-31,科大讯飞,002230.SZ,0.0446,19984669.75,计算机,软件开发
010955,天弘中证智能汽车主题指数型发起式证券投资基金A类,2026-03-31,豪威集团,603501.SH,0.0437,19581416.72,电子,半导体
010955,天弘中证智能汽车主题指数型发起式证券投资基金A类,2026-03-31,北京君正,300223.SZ,0.0363,16237006.8,电子,半导体
010955,天弘中证智能汽车主题指数型发起式证券投资基金A类,2026-03-31,德赛西威,002920.SZ,0.0319,14283603.88,计算机,软件开发
010881,南方宝顺混合型证券投资基金A类,2026-03-31,宁德时代,300750.SZ,0.0121,7214532.0,电力设备,电池
010881,南方宝顺混合型证券投资基金A类,2026-03-31,美的集团,000333.SZ,0.0111,6613055.25,家用电器,白色家电
010881,南方宝顺混合型证券投资基金A类,2026-03-31,卫星化学,002648.SZ,0.0081,4825214.0,基础化工,化学原料
010881,南方宝顺混合型证券投资基金A类,2026-03-31,亚钾国际,000893.SZ,0.0077,4606940.0,基础化工,农化制品
010881,南方宝顺混合型证券投资基金A类,2026-03-31,久立特材,002318.SZ,0.0071,4260396.0,钢铁,特钢Ⅱ
010881,南方宝顺混合型证券投资基金A类,2026-03-31,宁波银行,002142.SZ,0.0069,4096956.15,银行,城商行Ⅱ
010881,南方宝顺混合型证券投资基金A类,2026-03-31,海尔智家,600690.SH,0.0067,3974542.0,家用电器,白色家电
010881,南方宝顺混合型证券投资基金A类,2026-03-31,腾讯控股,00700.HK,0.0062,3717925.86,--,--
010881,南方宝顺混合型证券投资基金A类,2026-03-31,阳光电源,300274.SZ,0.0059,3503662.4,电力设备,光伏设备
010881,南方宝顺混合型证券投资基金A类,2026-03-31,贵州茅台,600519.SH,0.0058,3480000.0,食品饮料,白酒Ⅱ
sz159657,疫苗ETF鹏华,--,复星医药,600196.SH,0.1275,13035385.0,医药生物,化学制药
sz159657,疫苗ETF鹏华,--,长春高新,000661.SZ,0.0974,9952333.0,医药生物,生物制品
sz159657,疫苗ETF鹏华,--,沃森生物,300142.SZ,0.0756,7731360.0,医药生物,生物制品
sz159657,疫苗ETF鹏华,--,智飞生物,300122.SZ,0.0634,6483873.44,医药生物,生物制品
sz159657,疫苗ETF鹏华,--,华兰生物,002007.SZ,0.0558,5706028.5,医药生物,生物制品
sz159657,疫苗ETF鹏华,--,昭衍新药,603127.SH,0.0518,5294707.2,医药生物,医疗服务
sz159657,疫苗ETF鹏华,--,万泰生物,603392.SH,0.0518,5296528.5,医药生物,生物制品
sz159657,疫苗ETF鹏华,--,丽珠集团,000513.SZ,0.0437,4468914.0,医药生物,化学制药
sz159657,疫苗ETF鹏华,--,辽宁成大,600739.SH,0.0375,3835088.0,医药生物,生物制品
sz159657,疫苗ETF鹏华,--,药明康德,603259.SH,0.0344,3511980.0,医药生物,医疗服务
sz159657,疫苗ETF鹏华,--,复星医药,600196,,,--,--
sz159657,疫苗ETF鹏华,--,长春高新,000661,,,--,--
sz159657,疫苗ETF鹏华,--,沃森生物,300142,,,--,--
sz159657,疫苗ETF鹏华,--,智飞生物,300122,,,--,--
sz159657,疫苗ETF鹏华,--,华兰生物,002007,,,--,--
sz159657,疫苗ETF鹏华,--,万泰生物,603392,,,--,--
sz159657,疫苗ETF鹏华,--,昭衍新药,603127,,,--,--
sz159657,疫苗ETF鹏华,--,丽珠集团,000513,,,--,--
sz159657,疫苗ETF鹏华,--,辽宁成大,600739,,,--,--
sz159657,疫苗ETF鹏华,--,药明康德,603259,,,--,--
sz161727,招商增荣LOF,--,宁德时代,300750.SZ,0.0216,1205100.0,电力设备,电池
sz161727,招商增荣LOF,--,鱼跃医疗,002223.SZ,0.0173,966150.0,医药生物,医疗器械
sz161727,招商增荣LOF,--,中曼石油,603619.SH,0.0134,745829.0,石油石化,油服工程
sz161727,招商增荣LOF,--,药明康德,603259.SH,0.0104,578790.0,医药生物,医疗服务
sz161727,招商增荣LOF,--,江丰电子,300666.SZ,0.0102,570802.0,电子,半导体
sz161727,招商增荣LOF,--,中金黄金,600489.SH,0.0101,566252.0,有色金属,贵金属
sz161727,招商增荣LOF,--,恒瑞医药,600276.SH,0.01,557722.0,医药生物,化学制药
sz161727,招商增荣LOF,--,璞泰来,603659.SH,0.01,559650.0,电力设备,电池
sz161727,招商增荣LOF,--,中航光电,002179.SZ,0.0099,550940.0,国防军工,军工电子Ⅱ
sz161727,招商增荣LOF,--,润丰股份,301035.SZ,0.0098,548928.0,基础化工,农化制品
sz161727,招商增荣LOF,--,宁德时代,300750,,,--,--
sz161727,招商增荣LOF,--,鱼跃医疗,002223,,,--,--
sz161727,招商增荣LOF,--,中曼石油,603619,,,--,--
sz161727,招商增荣LOF,--,药明康德,603259,,,--,--
sz161727,招商增荣LOF,--,江丰电子,300666,,,--,--
sz161727,招商增荣LOF,--,中金黄金,600489,,,--,--
sz161727,招商增荣LOF,--,璞泰来,603659,,,--,--
sz161727,招商增荣LOF,--,恒瑞医药,600276,,,--,--
sz161727,招商增荣LOF,--,中航光电,002179,,,--,--
sz161727,招商增荣LOF,--,润丰股份,301035,,,--,--
004025,融通收益增强债券型证券投资基金A类,2026-03-31,海南橡胶,601118.SH,0.0102,11447800.0,农林牧渔,种植业
004025,融通收益增强债券型证券投资基金A类,2026-03-31,东方雨虹,002271.SZ,0.0094,10502660.0,建筑材料,装修建材
004025,融通收益增强债券型证券投资基金A类,2026-03-31,万华化学,600309.SH,0.0091,10161655.0,基础化工,化学制品
004025,融通收益增强债券型证券投资基金A类,2026-03-31,扬农化工,600486.SH,0.0059,6600000.0,基础化工,农化制品
004025,融通收益增强债券型证券投资基金A类,2026-03-31,广联达,002410.SZ,0.0053,5977800.0,计算机,软件开发
004025,融通收益增强债券型证券投资基金A类,2026-03-31,旗滨集团,601636.SH,0.0051,5684250.0,建筑材料,玻璃玻纤
004025,融通收益增强债券型证券投资基金A类,2026-03-31,阳光电源,300274.SZ,0.0047,5276600.0,电力设备,光伏设备
004025,融通收益增强债券型证券投资基金A类,2026-03-31,江山股份,600389.SH,0.0047,5225400.0,基础化工,农化制品
004025,融通收益增强债券型证券投资基金A类,2026-03-31,中国海油,600938.SH,0.0041,4584000.0,石油石化,油气开采Ⅱ
004025,融通收益增强债券型证券投资基金A类,2026-03-31,海天味业,603288.SH,0.0034,3772000.0,食品饮料,调味发酵品Ⅱ
006522,财通新兴蓝筹混合型证券投资基金A类,2026-03-31,新易盛,300502.SZ,0.0942,6509748.0,通信,通信设备
006522,财通新兴蓝筹混合型证券投资基金A类,2026-03-31,源杰科技,688498.SH,0.0899,6213619.2,电子,半导体
006522,财通新兴蓝筹混合型证券投资基金A类,2026-03-31,鼎泰高科,301377.SZ,0.086,5943168.0,机械设备,通用设备
006522,财通新兴蓝筹混合型证券投资基金A类,2026-03-31,中际旭创,300308.SZ,0.0799,5523277.0,通信,通信设备
006522,财通新兴蓝筹混合型证券投资基金A类,2026-03-31,生益科技,600183.SH,0.0741,5119065.0,电子,元件
006522,财通新兴蓝筹混合型证券投资基金A类,2026-03-31,腾景科技,688195.SH,0.0715,4942224.72,电子,光学光电子
006522,财通新兴蓝筹混合型证券投资基金A类,2026-03-31,永鼎股份,600105.SH,0.059,4075006.0,通信,通信设备
006522,财通新兴蓝筹混合型证券投资基金A类,2026-03-31,百通能源,001376.SZ,0.0556,3843864.0,公用事业,电力
006522,财通新兴蓝筹混合型证券投资基金A类,2026-03-31,三峡旅游,002627.SZ,0.0457,3161708.0,社会服务,旅游及景区
006522,财通新兴蓝筹混合型证券投资基金A类,2026-03-31,中远海能,600026.SH,0.0371,2567400.0,交通运输,航运港口
012173,国泰兴泽优选一年持有期混合型证券投资基金A类,2026-03-31,聚和材料,688503.SH,0.095,59572800.0,电力设备,光伏设备
012173,国泰兴泽优选一年持有期混合型证券投资基金A类,2026-03-31,英科医疗,300677.SZ,0.0936,58680000.0,医药生物,医疗器械
012173,国泰兴泽优选一年持有期混合型证券投资基金A类,2026-03-31,宁德时代,300750.SZ,0.0897,56238000.0,电力设备,电池
012173,国泰兴泽优选一年持有期混合型证券投资基金A类,2026-03-31,奥泰生物,688606.SH,0.0681,42690400.0,医药生物,医疗器械
012173,国泰兴泽优选一年持有期混合型证券投资基金A类,2026-03-31,冠盛股份,605088.SH,0.0678,42500000.0,汽车,汽车零部件
012173,国泰兴泽优选一年持有期混合型证券投资基金A类,2026-03-31,思源电气,002028.SZ,0.0483,30300000.0,电力设备,电网设备
012173,国泰兴泽优选一年持有期混合型证券投资基金A类,2026-03-31,水晶光电,002273.SZ,0.0369,23142000.0,电子,光学光电子
012173,国泰兴泽优选一年持有期混合型证券投资基金A类,2026-03-31,索通发展,603612.SH,0.0365,22875000.0,基础化工,非金属材料Ⅱ
012173,国泰兴泽优选一年持有期混合型证券投资基金A类,2026-03-31,新凤鸣,603225.SH,0.0309,19373754.42,基础化工,化学纤维
012173,国泰兴泽优选一年持有期混合型证券投资基金A类,2026-03-31,马钢股份,600808.SH,0.0269,16875000.0,钢铁,普钢
012173,国泰兴泽优选一年持有期混合型证券投资基金A类,2026-03-31,马鞍山钢铁股份,00323.HK,0.0131,8199956.65,--,--
008134,鹏华优选价值股票型证券投资基金A类,2026-03-31,中国电信,00728.HK,0.096,364526238.11,--,--
008134,鹏华优选价值股票型证券投资基金A类,2026-03-31,五粮液,000858.SZ,0.0843,320075141.27,食品饮料,白酒Ⅱ
008134,鹏华优选价值股票型证券投资基金A类,2026-03-31,中国移动,00941.HK,0.0842,319658269.37,--,--
008134,鹏华优选价值股票型证券投资基金A类,2026-03-31,成都银行,601838.SH,0.0722,274016642.4,银行,城商行Ⅱ
008134,鹏华优选价值股票型证券投资基金A类,2026-03-31,腾讯控股,00700.HK,0.0452,171494672.14,--,--
008134,鹏华优选价值股票型证券投资基金A类,2026-03-31,平安银行,000001.SZ,0.0382,145046762.04,银行,股份制银行Ⅱ
008134,鹏华优选价值股票型证券投资基金A类,2026-03-31,山西汾酒,600809.SH,0.0372,141110807.5,食品饮料,白酒Ⅱ
008134,鹏华优选价值股票型证券投资基金A类,2026-03-31,宁波银行,002142.SZ,0.0325,123370032.45,银行,城商行Ⅱ
008134,鹏华优选价值股票型证券投资基金A类,2026-03-31,招商银行,600036.SH,0.0308,116886564.0,银行,股份制银行Ⅱ
008134,鹏华优选价值股票型证券投资基金A类,2026-03-31,中国海洋石油,00883.HK,0.0306,116245665.2,--,--
sh561700,电力ETF博时,--,长江电力,600900.SH,0.0885,30747184.0,公用事业,电力
sh561700,电力ETF博时,--,中国核电,601985.SH,0.0786,27327063.25,公用事业,电力
sh561700,电力ETF博时,--,三峡能源,600905.SH,0.0641,22263612.0,公用事业,电力
sh561700,电力ETF博时,--,国电电力,600795.SH,0.0455,15824380.0,公用事业,电力
sh561700,电力ETF博时,--,永泰能源,600157.SH,0.0413,14344020.0,煤炭,煤炭开采
sh561700,电力ETF博时,--,中国广核,003816.SZ,0.0382,13283254.0,公用事业,电力
sh561700,电力ETF博时,--,国投电力,600886.SH,0.0361,12540096.0,公用事业,电力
sh561700,电力ETF博时,--,华能国际,600011.SH,0.0324,11275524.0,公用事业,电力
sh561700,电力ETF博时,--,川投能源,600674.SH,0.0306,10643074.2,公用事业,电力
sh561700,电力ETF博时,--,上海电力,600021.SH,0.0277,9614100.0,公用事业,电力
sh561700,电力ETF博时,--,长江电力,600900,,,--,--
sh561700,电力ETF博时,--,中国核电,601985,,,--,--
sh561700,电力ETF博时,--,三峡能源,600905,,,--,--
sh561700,电力ETF博时,--,国电电力,600795,,,--,--
sh561700,电力ETF博时,--,永泰能源,600157,,,--,--
sh561700,电力ETF博时,--,中国广核,003816,,,--,--
sh561700,电力ETF博时,--,国投电力,600886,,,--,--
sh561700,电力ETF博时,--,华能国际,600011,,,--,--
sh561700,电力ETF博时,--,川投能源,600674,,,--,--
sh561700,电力ETF博时,--,上海电力,600021,,,--,--
040002,华安MSCI中国A股指数增强型证券投资基金,2026-03-31,宁德时代,300750.SZ,0.0364,35876630.4,电力设备,电池
040002,华安MSCI中国A股指数增强型证券投资基金,2026-03-31,贵州茅台,600519.SH,0.0233,22910000.0,食品饮料,白酒Ⅱ
040002,华安MSCI中国A股指数增强型证券投资基金,2026-03-31,中国平安,601318.SH,0.0183,18044684.0,非银金融,保险Ⅱ
040002,华安MSCI中国A股指数增强型证券投资基金,2026-03-31,紫金矿业,601899.SH,0.0171,16870432.0,有色金属,工业金属
040002,华安MSCI中国A股指数增强型证券投资基金,2026-03-31,中际旭创,300308.SZ,0.017,16740654.0,通信,通信设备
040002,华安MSCI中国A股指数增强型证券投资基金,2026-03-31,招商银行,600036.SH,0.0163,16108145.76,银行,股份制银行Ⅱ
040002,华安MSCI中国A股指数增强型证券投资基金,2026-03-31,新易盛,300502.SZ,0.0129,12674080.8,通信,通信设备
040002,华安MSCI中国A股指数增强型证券投资基金,2026-03-31,美的集团,000333.SZ,0.0124,12238905.0,家用电器,白色家电
040002,华安MSCI中国A股指数增强型证券投资基金,2026-03-31,兴业银行,601166.SH,0.0107,10520380.0,银行,股份制银行Ⅱ
040002,华安MSCI中国A股指数增强型证券投资基金,2026-03-31,比亚迪,002594.SZ,0.0095,9346200.0,汽车,乘用车
011708,中欧嘉益一年持有期混合型证券投资基金A类,2026-03-31,紫金矿业,601899.SH,0.1018,21382585.44,有色金属,工业金属
011708,中欧嘉益一年持有期混合型证券投资基金A类,2026-03-31,中际旭创,300308.SZ,0.093,19530763.0,通信,通信设备
011708,中欧嘉益一年持有期混合型证券投资基金A类,2026-03-31,宁德时代,300750.SZ,0.0545,11448450.0,电力设备,电池
011708,中欧嘉益一年持有期混合型证券投资基金A类,2026-03-31,腾讯控股,00700.HK,0.0484,10170877.64,--,--
011708,中欧嘉益一年持有期混合型证券投资基金A类,2026-03-31,思源电气,002028.SZ,0.0413,8665800.0,电力设备,电网设备
011708,中欧嘉益一年持有期混合型证券投资基金A类,2026-03-31,德业股份,605117.SH,0.0371,7795578.0,电力设备,光伏设备
011708,中欧嘉益一年持有期混合型证券投资基金A类,2026-03-31,神火股份,000933.SZ,0.0364,7653800.0,有色金属,工业金属
011708,中欧嘉益一年持有期混合型证券投资基金A类,2026-03-31,新华保险,01336.HK,0.0352,7396189.61,--,--
011708,中欧嘉益一年持有期混合型证券投资基金A类,2026-03-31,厦门钨业,600549.SH,0.0346,7258410.0,有色金属,小金属
011708,中欧嘉益一年持有期混合型证券投资基金A类,2026-03-31,中国太保,601601.SH,0.0308,6468496.0,非银金融,保险Ⅱ
023522,中金中证A500指数增强型证券投资基金A类,2026-03-31,宁德时代,300750.SZ,0.0429,4579380.0,电力设备,电池
023522,中金中证A500指数增强型证券投资基金A类,2026-03-31,中际旭创,300308.SZ,0.0294,3131755.0,通信,通信设备
023522,中金中证A500指数增强型证券投资基金A类,2026-03-31,贵州茅台,600519.SH,0.0245,2610000.0,食品饮料,白酒Ⅱ
023522,中金中证A500指数增强型证券投资基金A类,2026-03-31,新易盛,300502.SZ,0.0226,2409049.6,通信,通信设备
023522,中金中证A500指数增强型证券投资基金A类,2026-03-31,紫金矿业,601899.SH,0.0222,2372200.0,有色金属,工业金属
023522,中金中证A500指数增强型证券投资基金A类,2026-03-31,美的集团,000333.SZ,0.0187,1992735.0,家用电器,白色家电
023522,中金中证A500指数增强型证券投资基金A类,2026-03-31,药明康德,603259.SH,0.0152,1620612.0,医药生物,医疗服务
023522,中金中证A500指数增强型证券投资基金A类,2026-03-31,中国平安,601318.SH,0.0135,1442212.0,非银金融,保险Ⅱ
023522,中金中证A500指数增强型证券投资基金A类,2026-03-31,国泰海通,601211.SH,0.0124,1317246.0,非银金融,证券Ⅱ
023522,中金中证A500指数增强型证券投资基金A类,2026-03-31,招商银行,600036.SH,0.0117,1250376.0,银行,股份制银行Ⅱ
004772,国寿安保稳泰一年定期开放混合型证券投资基金A类,2026-03-31,扬农化工,600486.SH,0.0079,1050000.0,基础化工,农化制品
004772,国寿安保稳泰一年定期开放混合型证券投资基金A类,2026-03-31,中国银行,601988.SH,0.0047,625742.0,银行,国有大型银行Ⅱ
004772,国寿安保稳泰一年定期开放混合型证券投资基金A类,2026-03-31,隆基绿能,601012.SH,0.0034,450778.0,电力设备,光伏设备
004772,国寿安保稳泰一年定期开放混合型证券投资基金A类,2026-03-31,沧州大化,600230.SH,0.0033,444540.0,基础化工,化学制品
004772,国寿安保稳泰一年定期开放混合型证券投资基金A类,2026-03-31,世运电路,603920.SH,0.0029,392156.0,电子,元件
004772,国寿安保稳泰一年定期开放混合型证券投资基金A类,2026-03-31,晋控煤业,601001.SH,0.002,261237.0,煤炭,煤炭开采
004772,国寿安保稳泰一年定期开放混合型证券投资基金A类,2026-03-31,通威股份,600438.SH,0.0011,145376.0,电力设备,光伏设备
004772,国寿安保稳泰一年定期开放混合型证券投资基金A类,2026-03-31,东阳光,600673.SH,0.001,130290.0,综合,综合Ⅱ
004772,国寿安保稳泰一年定期开放混合型证券投资基金A类,2026-03-31,东方钽业,000962.SZ,0.0009,124348.0,有色金属,小金属
004772,国寿安保稳泰一年定期开放混合型证券投资基金A类,2026-03-31,宝丰能源,600989.SH,0.0009,113334.0,基础化工,化学原料
001219,摩根动态多因子策略灵活配置混合型证券投资基金A类,2026-03-31,江丰电子,300666.SZ,0.0531,4427196.0,电子,半导体
001219,摩根动态多因子策略灵活配置混合型证券投资基金A类,2026-03-31,长飞光纤,601869.SH,0.0505,4209064.0,通信,通信设备
001219,摩根动态多因子策略灵活配置混合型证券投资基金A类,2026-03-31,剑桥科技,603083.SH,0.0189,1574800.0,通信,通信设备
001219,摩根动态多因子策略灵活配置混合型证券投资基金A类,2026-03-31,上海新阳,300236.SZ,0.0184,1535314.0,电子,电子化学品Ⅱ
001219,摩根动态多因子策略灵活配置混合型证券投资基金A类,2026-03-31,聚辰股份,688123.SH,0.0178,1484928.0,电子,半导体
001219,摩根动态多因子策略灵活配置混合型证券投资基金A类,2026-03-31,博迁新材,605376.SH,0.016,1337190.0,有色金属,能源金属
001219,摩根动态多因子策略灵活配置混合型证券投资基金A类,2026-03-31,鼎捷数智,300378.SZ,0.0153,1276500.0,计算机,软件开发
001219,摩根动态多因子策略灵活配置混合型证券投资基金A类,2026-03-31,河钢资源,000923.SZ,0.0136,1137168.0,钢铁,冶钢原料
001219,摩根动态多因子策略灵活配置混合型证券投资基金A类,2026-03-31,安泰科技,000969.SZ,0.013,1084612.0,有色金属,金属新材料
001219,摩根动态多因子策略灵活配置混合型证券投资基金A类,2026-03-31,宏和科技,603256.SH,0.0119,994710.0,建筑材料,玻璃玻纤
001074,华泰柏瑞沪深300指数增强型证券投资基金A类,2026-03-31,宁德时代,300750.SZ,0.0378,15867150.0,电力设备,电池
001074,华泰柏瑞沪深300指数增强型证券投资基金A类,2026-03-31,中际旭创,300308.SZ,0.0231,9679970.0,通信,通信设备
001074,华泰柏瑞沪深300指数增强型证券投资基金A类,2026-03-31,紫金矿业,601899.SH,0.0219,9184504.0,有色金属,工业金属
001074,华泰柏瑞沪深300指数增强型证券投资基金A类,2026-03-31,贵州茅台,600519.SH,0.0203,8518750.0,食品饮料,白酒Ⅱ
001074,华泰柏瑞沪深300指数增强型证券投资基金A类,2026-03-31,药明康德,603259.SH,0.0147,6170490.0,医药生物,医疗服务
001074,华泰柏瑞沪深300指数增强型证券投资基金A类,2026-03-31,工业富联,601138.SH,0.0146,6128886.0,电子,消费电子
001074,华泰柏瑞沪深300指数增强型证券投资基金A类,2026-03-31,招商银行,600036.SH,0.0141,5930596.28,银行,股份制银行Ⅱ
001074,华泰柏瑞沪深300指数增强型证券投资基金A类,2026-03-31,中国平安,601318.SH,0.014,5861285.84,非银金融,保险Ⅱ
001074,华泰柏瑞沪深300指数增强型证券投资基金A类,2026-03-31,立讯精密,002475.SZ,0.0138,5797902.0,电子,消费电子
001074,华泰柏瑞沪深300指数增强型证券投资基金A类,2026-03-31,国泰海通,601211.SH,0.0138,5800245.57,非银金融,证券Ⅱ
001629,天弘中证计算机主题交易型开放式指数证券投资基金联接基金A类,2026-03-31,科大讯飞,002230.SZ,0.0009,984273.0,计算机,软件开发
001629,天弘中证计算机主题交易型开放式指数证券投资基金联接基金A类,2026-03-31,海康威视,002415.SZ,0.0009,1046448.0,计算机,计算机设备
001629,天弘中证计算机主题交易型开放式指数证券投资基金联接基金A类,2026-03-31,中科曙光,603019.SH,0.0009,1061100.0,计算机,计算机设备
001629,天弘中证计算机主题交易型开放式指数证券投资基金联接基金A类,2026-03-31,润泽科技,300442.SZ,0.0006,630240.0,通信,通信服务
001629,天弘中证计算机主题交易型开放式指数证券投资基金联接基金A类,2026-03-31,浪潮信息,000977.SZ,0.0005,549584.0,计算机,计算机设备
001629,天弘中证计算机主题交易型开放式指数证券投资基金联接基金A类,2026-03-31,同花顺,300033.SZ,0.0005,597000.0,计算机,软件开发
001629,天弘中证计算机主题交易型开放式指数证券投资基金联接基金A类,2026-03-31,金山办公,688111.SH,0.0005,513832.0,计算机,软件开发
001629,天弘中证计算机主题交易型开放式指数证券投资基金联接基金A类,2026-03-31,紫光股份,000938.SZ,0.0004,478080.0,计算机,IT服务Ⅱ
001629,天弘中证计算机主题交易型开放式指数证券投资基金联接基金A类,2026-03-31,协创数据,300857.SZ,0.0004,481436.0,电子,消费电子
001629,天弘中证计算机主题交易型开放式指数证券投资基金联接基金A类,2026-03-31,江波龙,301308.SZ,0.0004,475328.0,电子,半导体
016568,嘉实碳中和主题混合型证券投资基金A类,2026-03-31,宁德时代,300750.SZ,0.0934,6756594.0,电力设备,电池
016568,嘉实碳中和主题混合型证券投资基金A类,2026-03-31,运达股份,300772.SZ,0.0549,3968115.0,电力设备,风电设备
016568,嘉实碳中和主题混合型证券投资基金A类,2026-03-31,东方电缆,603606.SH,0.0504,3644508.0,电力设备,电网设备
016568,嘉实碳中和主题混合型证券投资基金A类,2026-03-31,紫金矿业,601899.SH,0.0464,3353800.0,有色金属,工业金属
016568,嘉实碳中和主题混合型证券投资基金A类,2026-03-31,北方华创,002371.SZ,0.0439,3173700.0,电子,半导体
016568,嘉实碳中和主题混合型证券投资基金A类,2026-03-31,中微公司,688012.SH,0.0428,3095969.9,电子,半导体
016568,嘉实碳中和主题混合型证券投资基金A类,2026-03-31,华友钴业,603799.SH,0.0387,2795548.0,有色金属,能源金属
016568,嘉实碳中和主题混合型证券投资基金A类,2026-03-31,豪威集团,603501.SH,0.0351,2535432.0,电子,半导体
016568,嘉实碳中和主题混合型证券投资基金A类,2026-03-31,湖南裕能,301358.SZ,0.0344,2486582.0,电力设备,电池
016568,嘉实碳中和主题混合型证券投资基金A类,2026-03-31,德业股份,605117.SH,0.0336,2432010.0,电力设备,光伏设备
011942,建信泓利一年持有期债券型证券投资基金,2026-03-31,贵州茅台,600519.SH,0.0053,435000.0,食品饮料,白酒Ⅱ
011942,建信泓利一年持有期债券型证券投资基金,2026-03-31,通化东宝,600867.SH,0.0053,442234.0,医药生物,生物制品
011942,建信泓利一年持有期债券型证券投资基金,2026-03-31,美的集团,000333.SZ,0.005,412290.0,家用电器,白色家电
011942,建信泓利一年持有期债券型证券投资基金,2026-03-31,海大集团,002311.SZ,0.0048,398480.0,农林牧渔,饲料
011942,建信泓利一年持有期债券型证券投资基金,2026-03-31,润丰股份,301035.SZ,0.0048,396448.0,基础化工,农化制品
011942,建信泓利一年持有期债券型证券投资基金,2026-03-31,羚锐制药,600285.SH,0.0048,400065.0,医药生物,中药Ⅱ
011942,建信泓利一年持有期债券型证券投资基金,2026-03-31,圣农发展,002299.SZ,0.0047,387630.0,农林牧渔,养殖业
011942,建信泓利一年持有期债券型证券投资基金,2026-03-31,伟星新材,002372.SZ,0.0047,391578.0,建筑材料,装修建材
011942,建信泓利一年持有期债券型证券投资基金,2026-03-31,浙江永强,002489.SZ,0.0047,391363.0,轻工制造,家居用品
011942,建信泓利一年持有期债券型证券投资基金,2026-03-31,华新建材,600801.SH,0.0046,383720.0,建筑材料,水泥
011481,广发瑞锦一年定期开放混合型证券投资基金,2026-03-31,藏格矿业,000408.SZ,0.0151,1680524.0,有色金属,能源金属
011481,广发瑞锦一年定期开放混合型证券投资基金,2026-03-31,中熔电气,301031.SZ,0.0141,1575708.0,电子,其他电子Ⅱ
011481,广发瑞锦一年定期开放混合型证券投资基金,2026-03-31,天臣医疗,688013.SH,0.0139,1553706.0,医药生物,医疗器械
011481,广发瑞锦一年定期开放混合型证券投资基金,2026-03-31,紫金矿业,601899.SH,0.0138,1534568.0,有色金属,工业金属
011481,广发瑞锦一年定期开放混合型证券投资基金,2026-03-31,TCL科技,000100.SZ,0.0136,1513288.0,电子,光学光电子
011481,广发瑞锦一年定期开放混合型证券投资基金,2026-03-31,工业富联,601138.SH,0.0132,1471756.0,电子,消费电子
011481,广发瑞锦一年定期开放混合型证券投资基金,2026-03-31,亚太股份,002284.SZ,0.0131,1464298.0,汽车,汽车零部件
011481,广发瑞锦一年定期开放混合型证券投资基金,2026-03-31,赣锋锂业,002460.SZ,0.0129,1442192.0,有色金属,能源金属
011481,广发瑞锦一年定期开放混合型证券投资基金,2026-03-31,科兴制药,688136.SH,0.0125,1394160.0,医药生物,生物制品
011481,广发瑞锦一年定期开放混合型证券投资基金,2026-03-31,中际旭创,300308.SZ,0.0117,1309643.0,通信,通信设备
240010,华宝行业精选混合型证券投资基金,2026-03-31,宁德时代,300750.SZ,0.0504,54350010.0,电力设备,电池
240010,华宝行业精选混合型证券投资基金,2026-03-31,美的集团,000333.SZ,0.0475,51246120.0,家用电器,白色家电
240010,华宝行业精选混合型证券投资基金,2026-03-31,工商银行,601398.SH,0.0423,45670392.0,银行,国有大型银行Ⅱ
240010,华宝行业精选混合型证券投资基金,2026-03-31,招商银行,600036.SH,0.0411,44305776.0,银行,股份制银行Ⅱ
240010,华宝行业精选混合型证券投资基金,2026-03-31,中信证券,600030.SH,0.0393,42433004.0,非银金融,证券Ⅱ
240010,华宝行业精选混合型证券投资基金,2026-03-31,国泰海通,601211.SH,0.0389,41955479.58,非银金融,证券Ⅱ
240010,华宝行业精选混合型证券投资基金,2026-03-31,华泰证券,601688.SH,0.038,40982720.0,非银金融,证券Ⅱ
240010,华宝行业精选混合型证券投资基金,2026-03-31,阳光电源,300274.SZ,0.034,36679908.0,电力设备,光伏设备
240010,华宝行业精选混合型证券投资基金,2026-03-31,贵州茅台,600519.SH,0.0286,30885000.0,食品饮料,白酒Ⅱ
240010,华宝行业精选混合型证券投资基金,2026-03-31,邮储银行,601658.SH,0.0273,29426193.0,银行,国有大型银行Ⅱ
004432,南方中证申万有色金属交易型开放式指数证券投资基金发起式联接基金A类,2026-03-31,紫金矿业,601899.SH,0.0014,15126456.0,有色金属,工业金属
004432,南方中证申万有色金属交易型开放式指数证券投资基金发起式联接基金A类,2026-03-31,洛阳钼业,603993.SH,0.001,10955420.0,有色金属,工业金属
004432,南方中证申万有色金属交易型开放式指数证券投资基金发起式联接基金A类,2026-03-31,北方稀土,600111.SH,0.0008,8944768.0,有色金属,小金属
004432,南方中证申万有色金属交易型开放式指数证券投资基金发起式联接基金A类,2026-03-31,赣锋锂业,002460.SZ,0.0006,6442836.0,有色金属,能源金属
004432,南方中证申万有色金属交易型开放式指数证券投资基金发起式联接基金A类,2026-03-31,中国铝业,601600.SH,0.0006,6585780.0,有色金属,工业金属
004432,南方中证申万有色金属交易型开放式指数证券投资基金发起式联接基金A类,2026-03-31,华友钴业,603799.SH,0.0006,6483792.0,有色金属,能源金属
004432,南方中证申万有色金属交易型开放式指数证券投资基金发起式联接基金A类,2026-03-31,中金黄金,600489.SH,0.0005,5681217.0,有色金属,贵金属
004432,南方中证申万有色金属交易型开放式指数证券投资基金发起式联接基金A类,2026-03-31,山东黄金,600547.SH,0.0005,5345200.0,有色金属,贵金属
004432,南方中证申万有色金属交易型开放式指数证券投资基金发起式联接基金A类,2026-03-31,赤峰黄金,600988.SH,0.0005,5402380.0,有色金属,贵金属
004432,南方中证申万有色金属交易型开放式指数证券投资基金发起式联接基金A类,2026-03-31,厦门钨业,600549.SH,0.0004,4505220.0,有色金属,小金属
021859,浙商汇金红利精选混合型发起式证券投资基金A类,2026-03-31,建设银行,601939.SH,0.0438,1764020.0,银行,国有大型银行Ⅱ
021859,浙商汇金红利精选混合型发起式证券投资基金A类,2026-03-31,工商银行,601398.SH,0.043,1731988.0,银行,国有大型银行Ⅱ
021859,浙商汇金红利精选混合型发起式证券投资基金A类,2026-03-31,南京银行,601009.SH,0.0409,1646994.0,银行,城商行Ⅱ
021859,浙商汇金红利精选混合型发起式证券投资基金A类,2026-03-31,中谷物流,603565.SH,0.0385,1551891.0,交通运输,航运港口
021859,浙商汇金红利精选混合型发起式证券投资基金A类,2026-03-31,九丰能源,605090.SH,0.0376,1513050.0,公用事业,燃气Ⅱ
021859,浙商汇金红利精选混合型发起式证券投资基金A类,2026-03-31,美的集团,000333.SZ,0.0374,1504095.0,家用电器,白色家电
021859,浙商汇金红利精选混合型发起式证券投资基金A类,2026-03-31,中国移动,600941.SH,0.0368,1481882.0,通信,通信服务
021859,浙商汇金红利精选混合型发起式证券投资基金A类,2026-03-31,山东高速,600350.SH,0.0367,1475530.0,交通运输,铁路公路
021859,浙商汇金红利精选混合型发起式证券投资基金A类,2026-03-31,海澜之家,600398.SH,0.0361,1453578.0,纺织服饰,服装家纺
021859,浙商汇金红利精选混合型发起式证券投资基金A类,2026-03-31,瀚蓝环境,600323.SH,0.036,1449396.0,环保,环境治理
sh515010,证券ETF华夏,--,东方财富,300059.SZ,0.1357,226804674.0,非银金融,证券Ⅱ
sh515010,证券ETF华夏,--,中信证券,600030.SH,0.1333,222830462.16,非银金融,证券Ⅱ
sh515010,证券ETF华夏,--,国泰海通,601211.SH,0.1065,178007946.06,非银金融,证券Ⅱ
sh515010,证券ETF华夏,--,华泰证券,601688.SH,0.0591,98828109.8,非银金融,证券Ⅱ
sh515010,证券ETF华夏,--,招商证券,600999.SH,0.0325,54411146.72,非银金融,证券Ⅱ
sh515010,证券ETF华夏,--,广发证券,000776.SZ,0.0301,50350033.84,非银金融,证券Ⅱ
sh515010,证券ETF华夏,--,东方证券,600958.SH,0.0268,44885245.28,非银金融,证券Ⅱ
sh515010,证券ETF华夏,--,申万宏源,000166.SZ,0.024,40063140.0,非银金融,证券Ⅱ
sh515010,证券ETF华夏,--,兴业证券,601377.SH,0.023,38513011.3,非银金融,证券Ⅱ
sh515010,证券ETF华夏,--,中金公司,601995.SH,0.0215,35893010.89,非银金融,证券Ⅱ
sh515010,证券ETF华夏,--,东方财富,300059,,,--,--
sh515010,证券ETF华夏,--,中信证券,600030,,,--,--
sh515010,证券ETF华夏,--,国泰海通,601211,,,--,--
sh515010,证券ETF华夏,--,华泰证券,601688,,,--,--
sh515010,证券ETF华夏,--,招商证券,600999,,,--,--
sh515010,证券ETF华夏,--,广发证券,000776,,,--,--
sh515010,证券ETF华夏,--,东方证券,600958,,,--,--
sh515010,证券ETF华夏,--,申万宏源,000166,,,--,--
sh515010,证券ETF华夏,--,兴业证券,601377,,,--,--
sh515010,证券ETF华夏,--,中金公司,601995,,,--,--
001117,中欧精选灵活配置定期开放混合型发起式证券投资基金A类,2026-03-31,万华化学,600309.SH,0.0882,251126592.85,基础化工,化学制品
001117,中欧精选灵活配置定期开放混合型发起式证券投资基金A类,2026-03-31,中际旭创,300308.SZ,0.0821,233743943.82,通信,通信设备
001117,中欧精选灵活配置定期开放混合型发起式证券投资基金A类,2026-03-31,云铝股份,000807.SZ,0.0692,196943000.0,有色金属,工业金属
001117,中欧精选灵活配置定期开放混合型发起式证券投资基金A类,2026-03-31,中国平安,601318.SH,0.0634,180318346.86,非银金融,保险Ⅱ
001117,中欧精选灵活配置定期开放混合型发起式证券投资基金A类,2026-03-31,药明康德,603259.SH,0.0532,151346423.7,医药生物,医疗服务
001117,中欧精选灵活配置定期开放混合型发起式证券投资基金A类,2026-03-31,亨通光电,600487.SH,0.0474,135030772.0,通信,通信设备
001117,中欧精选灵活配置定期开放混合型发起式证券投资基金A类,2026-03-31,神火股份,000933.SZ,0.041,116645667.6,有色金属,工业金属
001117,中欧精选灵活配置定期开放混合型发起式证券投资基金A类,2026-03-31,中国铝业,601600.SH,0.0353,100430580.0,有色金属,工业金属
001117,中欧精选灵活配置定期开放混合型发起式证券投资基金A类,2026-03-31,兴业银锡,000426.SZ,0.0352,100215771.8,有色金属,工业金属
001117,中欧精选灵活配置定期开放混合型发起式证券投资基金A类,2026-03-31,华鲁恒升,600426.SH,0.0349,99440169.2,基础化工,农化制品
011136,广发盛兴混合型证券投资基金A类,2026-03-31,英科医疗,300677.SZ,0.0945,124778208.24,医药生物,医疗器械
011136,广发盛兴混合型证券投资基金A类,2026-03-31,通策医疗,600763.SH,0.0854,112798883.33,医药生物,医疗服务
011136,广发盛兴混合型证券投资基金A类,2026-03-31,立讯精密,002475.SZ,0.0744,98279118.6,电子,消费电子
011136,广发盛兴混合型证券投资基金A类,2026-03-31,贵州茅台,600519.SH,0.0618,81635000.0,食品饮料,白酒Ⅱ
011136,广发盛兴混合型证券投资基金A类,2026-03-31,泸州老窖,000568.SZ,0.051,67298772.0,食品饮料,白酒Ⅱ
011136,广发盛兴混合型证券投资基金A类,2026-03-31,山西汾酒,600809.SH,0.0486,64219634.0,食品饮料,白酒Ⅱ
011136,广发盛兴混合型证券投资基金A类,2026-03-31,康方生物,09926.HK,0.0307,40562288.24,--,--
011136,广发盛兴混合型证券投资基金A类,2026-03-31,恒力石化,600346.SH,0.0228,30084840.0,石油石化,炼化及贸易
011136,广发盛兴混合型证券投资基金A类,2026-03-31,中国东方航空股份,00670.HK,0.0224,29570030.82,--,--
011136,广发盛兴混合型证券投资基金A类,2026-03-31,荣盛石化,002493.SZ,0.0204,26878224.0,石油石化,炼化及贸易
011136,广发盛兴混合型证券投资基金A类,2026-03-31,中国东航,600115.SH,0.0139,18349375.0,交通运输,航空机场
015749,博时优享回报混合型证券投资基金A类,2026-03-31,思源电气,002028.SZ,0.0569,8241600.0,电力设备,电网设备
015749,博时优享回报混合型证券投资基金A类,2026-03-31,中际旭创,300308.SZ,0.0546,7914799.0,通信,通信设备
015749,博时优享回报混合型证券投资基金A类,2026-03-31,璞泰来,603659.SH,0.036,5212740.0,电力设备,电池
015749,博时优享回报混合型证券投资基金A类,2026-03-31,紫金矿业,601899.SH,0.0356,5163216.0,有色金属,工业金属
015749,博时优享回报混合型证券投资基金A类,2026-03-31,佛塑科技,000973.SZ,0.0351,5083740.0,基础化工,塑料
015749,博时优享回报混合型证券投资基金A类,2026-03-31,飞荣达,300602.SZ,0.033,4781948.0,电子,消费电子
015749,博时优享回报混合型证券投资基金A类,2026-03-31,伟测科技,688372.SH,0.0306,4430442.6,电子,半导体
015749,博时优享回报混合型证券投资基金A类,2026-03-31,芯碁微装,688630.SH,0.0297,4306437.8,机械设备,专用设备
015749,博时优享回报混合型证券投资基金A类,2026-03-31,兆易创新,603986.SH,0.0287,4166750.0,电子,半导体
015749,博时优享回报混合型证券投资基金A类,2026-03-31,中国平安,02318.HK,0.0277,4015590.38,--,--
014797,富国融悦12个月持有期混合型证券投资基金A类,2026-03-31,TCL科技,000100.SZ,0.0889,7337995.0,电子,光学光电子
014797,富国融悦12个月持有期混合型证券投资基金A类,2026-03-31,立讯精密,002475.SZ,0.0526,4339806.0,电子,消费电子
014797,富国融悦12个月持有期混合型证券投资基金A类,2026-03-31,腾讯控股,00700.HK,0.045,3717925.86,--,--
014797,富国融悦12个月持有期混合型证券投资基金A类,2026-03-31,豪鹏科技,001283.SZ,0.0408,3367688.0,电力设备,电池
014797,富国融悦12个月持有期混合型证券投资基金A类,2026-03-31,宁德时代,300750.SZ,0.0404,3334110.0,电力设备,电池
014797,富国融悦12个月持有期混合型证券投资基金A类,2026-03-31,益丰药房,603939.SH,0.0387,3198840.0,医药生物,医药商业
014797,富国融悦12个月持有期混合型证券投资基金A类,2026-03-31,华阳集团,002906.SZ,0.0378,3123339.0,汽车,汽车零部件
014797,富国融悦12个月持有期混合型证券投资基金A类,2026-03-31,德力佳,603092.SH,0.0349,2881164.0,电力设备,风电设备
014797,富国融悦12个月持有期混合型证券投资基金A类,2026-03-31,中远海特,600428.SH,0.0347,2861517.0,交通运输,航运港口
014797,富国融悦12个月持有期混合型证券投资基金A类,2026-03-31,欣旺达,300207.SZ,0.0329,2712596.0,电力设备,电池
012926,民生加银中证500指数增强型发起式证券投资基金A类,2026-03-31,赤峰黄金,600988.SH,0.0109,690400.0,有色金属,贵金属
012926,民生加银中证500指数增强型发起式证券投资基金A类,2026-03-31,光迅科技,002281.SZ,0.0088,556380.0,通信,通信设备
012926,民生加银中证500指数增强型发起式证券投资基金A类,2026-03-31,厦门钨业,600549.SH,0.0088,556200.0,有色金属,小金属
012926,民生加银中证500指数增强型发起式证券投资基金A类,2026-03-31,兴业银锡,000426.SZ,0.0087,551014.0,有色金属,工业金属
012926,民生加银中证500指数增强型发起式证券投资基金A类,2026-03-31,金风科技,002202.SZ,0.0079,499700.0,电力设备,风电设备
012926,民生加银中证500指数增强型发起式证券投资基金A类,2026-03-31,中钨高新,000657.SZ,0.0077,486642.0,有色金属,小金属
012926,民生加银中证500指数增强型发起式证券投资基金A类,2026-03-31,扬杰科技,300373.SZ,0.0074,465543.0,电子,半导体
012926,民生加银中证500指数增强型发起式证券投资基金A类,2026-03-31,科达制造,600499.SH,0.0073,462399.0,机械设备,专用设备
012926,民生加银中证500指数增强型发起式证券投资基金A类,2026-03-31,宏发股份,600885.SH,0.0072,456929.6,电力设备,电网设备
012926,民生加银中证500指数增强型发起式证券投资基金A类,2026-03-31,三美股份,603379.SH,0.0072,456062.0,基础化工,化学制品
sh513780,港股创新药ETF景顺,--,药明生物,02269.HK,0.1037,285252608.06,--,--
sh513780,港股创新药ETF景顺,--,信达生物,01801.HK,0.1026,282233643.08,--,--
sh513780,港股创新药ETF景顺,--,百济神州,06160.HK,0.0916,252089359.24,--,--
sh513780,港股创新药ETF景顺,--,康方生物,09926.HK,0.0904,248658674.67,--,--
sh513780,港股创新药ETF景顺,--,石药集团,01093.HK,0.0691,190265129.6,--,--
sh513780,港股创新药ETF景顺,--,中国生物制药,01177.HK,0.0626,172149450.2,--,--
sh513780,港股创新药ETF景顺,--,翰森制药,03692.HK,0.0607,167035915.91,--,--
sh513780,港股创新药ETF景顺,--,药明康德,02359.HK,0.0565,155485066.89,--,--
sh513780,港股创新药ETF景顺,--,三生制药,01530.HK,0.0433,119170313.46,--,--
sh513780,港股创新药ETF景顺,--,晶泰控股,02228.HK,0.0292,80405020.61,--,--
sh513780,港股创新药ETF景顺,--,药明生物,02269,,,--,--
sh513780,港股创新药ETF景顺,--,信达生物,01801,,,--,--
sh513780,港股创新药ETF景顺,--,百济神州,06160,,,--,--
sh513780,港股创新药ETF景顺,--,康方生物,09926,,,--,--
sh513780,港股创新药ETF景顺,--,石药集团,01093,,,--,--
sh513780,港股创新药ETF景顺,--,中国生物制药,01177,,,--,--
sh513780,港股创新药ETF景顺,--,翰森制药,03692,,,--,--
sh513780,港股创新药ETF景顺,--,药明康德,02359,,,--,--
sh513780,港股创新药ETF景顺,--,三生制药,01530,,,--,--
sh513780,港股创新药ETF景顺,--,晶泰控股,02228,,,--,--
008058,鹏华鑫享稳健混合型证券投资基金A类,2025-12-31,北方华创,002371.SZ,0.0125,162973.4,电子,半导体
008058,鹏华鑫享稳健混合型证券投资基金A类,2025-12-31,航宇科技,688239.SH,0.0118,154152.26,国防军工,航空装备Ⅱ
008058,鹏华鑫享稳健混合型证券投资基金A类,2025-12-31,中国太保,601601.SH,0.0106,138303.0,非银金融,保险Ⅱ
008058,鹏华鑫享稳健混合型证券投资基金A类,2025-12-31,扬杰科技,300373.SZ,0.0094,122400.0,电子,半导体
008058,鹏华鑫享稳健混合型证券投资基金A类,2025-12-31,中芯国际,688981.SH,0.0091,118039.63,电子,半导体
008058,鹏华鑫享稳健混合型证券投资基金A类,2025-12-31,生益科技,600183.SH,0.0088,114256.0,电子,元件
008058,鹏华鑫享稳健混合型证券投资基金A类,2025-12-31,峰岹科技,688279.SH,0.0087,113140.44,电子,半导体
008058,鹏华鑫享稳健混合型证券投资基金A类,2025-12-31,恒立液压,601100.SH,0.0084,109910.0,机械设备,工程机械
008058,鹏华鑫享稳健混合型证券投资基金A类,2025-12-31,三环集团,300408.SZ,0.0074,96075.0,电子,元件
008058,鹏华鑫享稳健混合型证券投资基金A类,2025-12-31,华虹公司,688347.SH,0.0074,96004.3,电子,半导体
011408,天弘益新混合型证券投资基金A类,2026-03-31,英科医疗,300677.SZ,0.0059,234720.0,医药生物,医疗器械
011408,天弘益新混合型证券投资基金A类,2026-03-31,北方华创,002371.SZ,0.0056,223500.0,电子,半导体
011408,天弘益新混合型证券投资基金A类,2026-03-31,澜起科技,688008.SH,0.0056,225504.0,电子,半导体
011408,天弘益新混合型证券投资基金A类,2026-03-31,宁德时代,300750.SZ,0.005,200850.0,电力设备,电池
011408,天弘益新混合型证券投资基金A类,2026-03-31,招商银行,600036.SH,0.0049,196600.0,银行,股份制银行Ⅱ
011408,天弘益新混合型证券投资基金A类,2026-03-31,安井食品,603345.SH,0.0047,186520.0,食品饮料,食品加工
011408,天弘益新混合型证券投资基金A类,2026-03-31,中国太保,601601.SH,0.0046,185450.0,非银金融,保险Ⅱ
011408,天弘益新混合型证券投资基金A类,2026-03-31,宝丰能源,600989.SH,0.0044,174360.0,基础化工,化学原料
011408,天弘益新混合型证券投资基金A类,2026-03-31,广钢气体,688548.SH,0.0044,178000.0,电子,电子化学品Ⅱ
011408,天弘益新混合型证券投资基金A类,2026-03-31,恒力石化,600346.SH,0.0043,173200.0,石油石化,炼化及贸易
090013,大成竞争优势混合型证券投资基金A类,2026-03-31,普洛药业,000739.SZ,0.0565,280097942.29,医药生物,化学制药
090013,大成竞争优势混合型证券投资基金A类,2026-03-31,中国移动,00941.HK,0.0491,243446113.12,--,--
090013,大成竞争优势混合型证券投资基金A类,2026-03-31,康弘药业,002773.SZ,0.0447,221294091.5,医药生物,生物制品
090013,大成竞争优势混合型证券投资基金A类,2026-03-31,广深铁路,601333.SH,0.031,153766556.0,交通运输,铁路公路
090013,大成竞争优势混合型证券投资基金A类,2026-03-31,中国移动,600941.SH,0.0301,149011488.62,通信,通信服务
090013,大成竞争优势混合型证券投资基金A类,2026-03-31,中国海油,600938.SH,0.0257,127192000.0,石油石化,油气开采Ⅱ
090013,大成竞争优势混合型证券投资基金A类,2026-03-31,久立特材,002318.SZ,0.024,118929999.0,钢铁,特钢Ⅱ
090013,大成竞争优势混合型证券投资基金A类,2026-03-31,晨光股份,603899.SH,0.0236,117039167.42,轻工制造,文娱用品
090013,大成竞争优势混合型证券投资基金A类,2026-03-31,比亚迪电子,00285.HK,0.0235,116692967.67,--,--
090013,大成竞争优势混合型证券投资基金A类,2026-03-31,安图生物,603658.SH,0.0214,105881994.45,医药生物,医疗器械
090013,大成竞争优势混合型证券投资基金A类,2026-03-31,中国海洋石油,00883.HK,0.0157,77802022.2,--,--
090013,大成竞争优势混合型证券投资基金A类,2026-03-31,中兴通讯,000063.SZ,0.014,69499423.56,通信,通信设备
090013,大成竞争优势混合型证券投资基金A类,2026-03-31,中兴通讯,00763.HK,0.0099,49298771.57,--,--
090013,大成竞争优势混合型证券投资基金A类,2026-03-31,广深铁路股份,00525.HK,0.0076,37726246.13,--,--
013321,博时恒盈稳健一年持有期混合型证券投资基金A类,2026-03-31,宁德时代,300750.SZ,0.0109,482040.0,电力设备,电池
013321,博时恒盈稳健一年持有期混合型证券投资基金A类,2026-03-31,亿纬锂能,300014.SZ,0.009,398272.0,电力设备,电池
013321,博时恒盈稳健一年持有期混合型证券投资基金A类,2026-03-31,吉利汽车,00175.HK,0.0075,332483.65,--,--
013321,博时恒盈稳健一年持有期混合型证券投资基金A类,2026-03-31,东鹏饮料,605499.SH,0.0065,287378.0,食品饮料,饮料乳品
013321,博时恒盈稳健一年持有期混合型证券投资基金A类,2026-03-31,中国海油,600938.SH,0.0063,280000.0,石油石化,油气开采Ⅱ
013321,博时恒盈稳健一年持有期混合型证券投资基金A类,2026-03-31,中煤能源,601898.SH,0.0059,259720.0,煤炭,煤炭开采
013321,博时恒盈稳健一年持有期混合型证券投资基金A类,2026-03-31,中广核矿业,01164.HK,0.0058,255614.03,--,--
013321,博时恒盈稳健一年持有期混合型证券投资基金A类,2026-03-31,招商轮船,601872.SH,0.0058,258488.0,交通运输,航运港口
013321,博时恒盈稳健一年持有期混合型证券投资基金A类,2026-03-31,睿创微纳,688002.SH,0.0054,240248.8,国防军工,军工电子Ⅱ
013321,博时恒盈稳健一年持有期混合型证券投资基金A类,2026-03-31,零跑汽车,09863.HK,0.0049,215884.81,--,--
sh515760,浙江国资ETF华夏,--,宁波银行,002142,,,--,--
sh515760,浙江国资ETF华夏,--,杭州银行,600926,,,--,--
sh515760,浙江国资ETF华夏,--,巨化股份,600160,,,--,--
sh515760,浙江国资ETF华夏,--,小商品城,600415,,,--,--
sh515760,浙江国资ETF华夏,--,浙商银行,601916,,,--,--
sh515760,浙江国资ETF华夏,--,浙商证券,601878,,,--,--
sh515760,浙江国资ETF华夏,--,浙能电力,600023,,,--,--
sh515760,浙江国资ETF华夏,--,财通证券,601108,,,--,--
sh515760,浙江国资ETF华夏,--,浙数文化,600633,,,--,--
sh515760,浙江国资ETF华夏,--,物产中大,600704,,,--,--
019690,华商产业机遇混合型证券投资基金A类,2026-03-31,阿里巴巴-W,09988.HK,0.0381,2075678.59,--,--
019690,华商产业机遇混合型证券投资基金A类,2026-03-31,长飞光纤光缆,06869.HK,0.0353,1919245.46,--,--
019690,华商产业机遇混合型证券投资基金A类,2026-03-31,中国铝业,02600.HK,0.0307,1671576.66,--,--
019690,华商产业机遇混合型证券投资基金A类,2026-03-31,宁德时代,300750.SZ,0.028,1526460.0,电力设备,电池
019690,华商产业机遇混合型证券投资基金A类,2026-03-31,中微公司,688012.SH,0.0274,1492989.74,电子,半导体
019690,华商产业机遇混合型证券投资基金A类,2026-03-31,北方华创,002371.SZ,0.0268,1461690.0,电子,半导体
019690,华商产业机遇混合型证券投资基金A类,2026-03-31,银轮股份,002126.SZ,0.026,1415583.0,汽车,汽车零部件
019690,华商产业机遇混合型证券投资基金A类,2026-03-31,万华化学,600309.SH,0.0251,1366540.0,基础化工,化学制品
019690,华商产业机遇混合型证券投资基金A类,2026-03-31,环旭电子,601231.SH,0.0229,1244100.0,电子,消费电子
019690,华商产业机遇混合型证券投资基金A类,2026-03-31,航发动力,600893.SH,0.0222,1206306.0,国防军工,航空装备Ⅱ
013769,博时稳益9个月持有期混合型证券投资基金A类,2026-03-31,湖南裕能,301358.SZ,0.0116,29287250.0,电力设备,电池
013769,博时稳益9个月持有期混合型证券投资基金A类,2026-03-31,赣锋锂业,002460.SZ,0.0099,24971868.0,有色金属,能源金属
013769,博时稳益9个月持有期混合型证券投资基金A类,2026-03-31,中国海洋石油,00883.HK,0.0081,20445590.2,--,--
013769,博时稳益9个月持有期混合型证券投资基金A类,2026-03-31,天齐锂业,002466.SZ,0.0077,19573344.0,有色金属,能源金属
013769,博时稳益9个月持有期混合型证券投资基金A类,2026-03-31,佛塑科技,000973.SZ,0.0074,18600120.0,基础化工,塑料
013769,博时稳益9个月持有期混合型证券投资基金A类,2026-03-31,中矿资源,002738.SZ,0.007,17612146.3,有色金属,小金属
013769,博时稳益9个月持有期混合型证券投资基金A类,2026-03-31,大中矿业,001203.SZ,0.0039,9814474.56,钢铁,冶钢原料
013769,博时稳益9个月持有期混合型证券投资基金A类,2026-03-31,恩捷股份,002812.SZ,0.0039,9747780.7,电力设备,电池
013769,博时稳益9个月持有期混合型证券投资基金A类,2026-03-31,星源材质,300568.SZ,0.0035,8797125.19,电力设备,电池
013769,博时稳益9个月持有期混合型证券投资基金A类,2026-03-31,神火股份,000933.SZ,0.003,7539840.0,有色金属,工业金属
013769,博时稳益9个月持有期混合型证券投资基金A类,2026-03-31,天齐锂业,09696.HK,0.0028,7057913.8,--,--
013769,博时稳益9个月持有期混合型证券投资基金A类,2026-03-31,赣锋锂业,01772.HK,0.0011,2736394.49,--,--
000831,工银瑞信医疗保健行业股票型证券投资基金,2026-03-31,海思科,002653.SZ,0.0616,138094290.8,医药生物,化学制药
000831,工银瑞信医疗保健行业股票型证券投资基金,2026-03-31,恒瑞医药,600276.SH,0.0534,119792445.74,医药生物,化学制药
000831,工银瑞信医疗保健行业股票型证券投资基金,2026-03-31,石药创新,300765.SZ,0.0403,90504947.52,医药生物,化学制药
000831,工银瑞信医疗保健行业股票型证券投资基金,2026-03-31,荣昌生物,688331.SH,0.0382,85785930.15,医药生物,生物制品
000831,工银瑞信医疗保健行业股票型证券投资基金,2026-03-31,泰格医药,300347.SZ,0.0364,81590131.0,医药生物,医疗服务
000831,工银瑞信医疗保健行业股票型证券投资基金,2026-03-31,科伦药业,002422.SZ,0.0355,79599118.96,医药生物,化学制药
000831,工银瑞信医疗保健行业股票型证券投资基金,2026-03-31,艾力斯,688578.SH,0.0351,78693408.0,医药生物,化学制药
000831,工银瑞信医疗保健行业股票型证券投资基金,2026-03-31,华东医药,000963.SZ,0.0309,69214484.8,医药生物,化学制药
000831,工银瑞信医疗保健行业股票型证券投资基金,2026-03-31,药明康德,603259.SH,0.0309,69381813.6,医药生物,医疗服务
000831,工银瑞信医疗保健行业股票型证券投资基金,2026-03-31,美迪西,688202.SH,0.0305,68345908.8,医药生物,医疗服务
001490,汇添富国企创新增长股票型证券投资基金A类,2026-03-31,招商银行,600036.SH,0.0673,22204004.0,银行,股份制银行Ⅱ
001490,汇添富国企创新增长股票型证券投资基金A类,2026-03-31,紫金矿业,601899.SH,0.0591,19507664.0,有色金属,工业金属
001490,汇添富国企创新增长股票型证券投资基金A类,2026-03-31,中国石油,601857.SH,0.0551,18203327.0,石油石化,炼化及贸易
001490,汇添富国企创新增长股票型证券投资基金A类,2026-03-31,北方华创,002371.SZ,0.0422,13944165.0,电子,半导体
001490,汇添富国企创新增长股票型证券投资基金A类,2026-03-31,生益科技,600183.SH,0.0346,11429870.0,电子,元件
001490,汇添富国企创新增长股票型证券投资基金A类,2026-03-31,江苏银行,600919.SH,0.0345,11378552.64,银行,城商行Ⅱ
001490,汇添富国企创新增长股票型证券投资基金A类,2026-03-31,长江电力,600900.SH,0.0331,10918752.0,公用事业,电力
001490,汇添富国企创新增长股票型证券投资基金A类,2026-03-31,云铝股份,000807.SZ,0.0308,10155600.0,有色金属,工业金属
001490,汇添富国企创新增长股票型证券投资基金A类,2026-03-31,山东黄金,600547.SH,0.0303,10002125.0,有色金属,贵金属
001490,汇添富国企创新增长股票型证券投资基金A类,2026-03-31,中国人保,601319.SH,0.028,9258345.0,非银金融,保险Ⅱ
017174,天弘国证绿色电力指数型发起式证券投资基金A类,2026-03-31,中国核电,601985.SH,0.0902,116556760.0,公用事业,电力
017174,天弘国证绿色电力指数型发起式证券投资基金A类,2026-03-31,长江电力,600900.SH,0.0845,109214560.0,公用事业,电力
017174,天弘国证绿色电力指数型发起式证券投资基金A类,2026-03-31,三峡能源,600905.SH,0.0841,108775692.0,公用事业,电力
017174,天弘国证绿色电力指数型发起式证券投资基金A类,2026-03-31,国投电力,600886.SH,0.0487,62987928.0,公用事业,电力
017174,天弘国证绿色电力指数型发起式证券投资基金A类,2026-03-31,中国广核,003816.SZ,0.0459,59350062.0,公用事业,电力
017174,天弘国证绿色电力指数型发起式证券投资基金A类,2026-03-31,川投能源,600674.SH,0.0353,45614026.0,公用事业,电力
017174,天弘国证绿色电力指数型发起式证券投资基金A类,2026-03-31,华能水电,600025.SH,0.0264,34124094.0,公用事业,电力
017174,天弘国证绿色电力指数型发起式证券投资基金A类,2026-03-31,川能动力,000155.SZ,0.0262,33931647.0,公用事业,电力
017174,天弘国证绿色电力指数型发起式证券投资基金A类,2026-03-31,上海电力,600021.SH,0.0236,30450125.0,公用事业,电力
017174,天弘国证绿色电力指数型发起式证券投资基金A类,2026-03-31,华能国际,600011.SH,0.0235,30392388.0,公用事业,电力
005707,富国港股通量化精选股票型证券投资基金A类,2026-03-31,汇丰控股,00005.HK,0.1006,43585873.16,--,--
005707,富国港股通量化精选股票型证券投资基金A类,2026-03-31,腾讯控股,00700.HK,0.0937,40598041.0,--,--
005707,富国港股通量化精选股票型证券投资基金A类,2026-03-31,阿里巴巴-W,09988.HK,0.0706,30607196.87,--,--
005707,富国港股通量化精选股票型证券投资基金A类,2026-03-31,中国银行,03988.HK,0.0296,12848829.67,--,--
005707,富国港股通量化精选股票型证券投资基金A类,2026-03-31,中国移动,00941.HK,0.029,12579388.65,--,--
005707,富国港股通量化精选股票型证券投资基金A类,2026-03-31,中国石油股份,00857.HK,0.0254,11029369.93,--,--
005707,富国港股通量化精选股票型证券投资基金A类,2026-03-31,建设银行,00939.HK,0.0244,10563737.41,--,--
005707,富国港股通量化精选股票型证券投资基金A类,2026-03-31,农业银行,01288.HK,0.0222,9619669.61,--,--
005707,富国港股通量化精选股票型证券投资基金A类,2026-03-31,友邦保险,01299.HK,0.0215,9334821.11,--,--
005707,富国港股通量化精选股票型证券投资基金A类,2026-03-31,紫金矿业,02899.HK,0.0213,9222801.25,--,--
019185,泰康中证1000指数增强型发起式证券投资基金A类,2026-03-31,源杰科技,688498.SH,0.0082,201088.0,电子,半导体
019185,泰康中证1000指数增强型发起式证券投资基金A类,2026-03-31,湖南白银,002716.SZ,0.005,122808.0,有色金属,贵金属
019185,泰康中证1000指数增强型发起式证券投资基金A类,2026-03-31,腾远钴业,301219.SZ,0.0049,120200.0,有色金属,能源金属
019185,泰康中证1000指数增强型发起式证券投资基金A类,2026-03-31,宏达股份,600331.SH,0.0049,121844.0,基础化工,农化制品
019185,泰康中证1000指数增强型发起式证券投资基金A类,2026-03-31,乾照光电,300102.SZ,0.0048,119473.0,电子,光学光电子
019185,泰康中证1000指数增强型发起式证券投资基金A类,2026-03-31,ST臻镭,688270.SH,0.0048,118600.0,电子,半导体
019185,泰康中证1000指数增强型发起式证券投资基金A类,2026-03-31,鹏辉能源,300438.SZ,0.0046,112880.0,电力设备,电池
019185,泰康中证1000指数增强型发起式证券投资基金A类,2026-03-31,中孚实业,600595.SH,0.0046,112476.0,有色金属,工业金属
019185,泰康中证1000指数增强型发起式证券投资基金A类,2026-03-31,普冉股份,688766.SH,0.0046,112595.0,电子,半导体
019185,泰康中证1000指数增强型发起式证券投资基金A类,2026-03-31,移远通信,603236.SH,0.0045,111300.0,通信,通信设备
010987,国联鑫锐研究精选一年持有期混合型证券投资基金A类,2025-09-30,中芯国际,00981.HK,0.0611,3413495.27,--,--
010987,国联鑫锐研究精选一年持有期混合型证券投资基金A类,2025-09-30,青鸟消防,002960.SZ,0.0481,2690026.2,机械设备,专用设备
010987,国联鑫锐研究精选一年持有期混合型证券投资基金A类,2025-09-30,赣锋锂业,01772.HK,0.0447,2497069.69,--,--
010987,国联鑫锐研究精选一年持有期混合型证券投资基金A类,2025-09-30,腾讯控股,00700.HK,0.0422,2360692.39,--,--
010987,国联鑫锐研究精选一年持有期混合型证券投资基金A类,2025-09-30,银河娱乐,00027.HK,0.0406,2270617.78,--,--
010987,国联鑫锐研究精选一年持有期混合型证券投资基金A类,2025-09-30,德昌电机控股,00179.HK,0.0402,2248076.3,--,--
010987,国联鑫锐研究精选一年持有期混合型证券投资基金A类,2025-09-30,舜宇光学科技,02382.HK,0.04,2237892.01,--,--
010987,国联鑫锐研究精选一年持有期混合型证券投资基金A类,2025-09-30,阿里巴巴-W,09988.HK,0.0396,2213885.2,--,--
010987,国联鑫锐研究精选一年持有期混合型证券投资基金A类,2025-09-30,灿芯股份,688691.SH,0.0389,2172387.24,电子,半导体
010987,国联鑫锐研究精选一年持有期混合型证券投资基金A类,2025-09-30,科伦博泰生物-B,06990.HK,0.0361,2017868.4,--,--
003396,东方红优享红利沪港深灵活配置混合型证券投资基金A类,2026-03-31,中通快递-W,02057.HK,0.0827,77569362.0,--,--
003396,东方红优享红利沪港深灵活配置混合型证券投资基金A类,2026-03-31,海螺水泥,600585.SH,0.0488,45745632.0,建筑材料,水泥
003396,东方红优享红利沪港深灵活配置混合型证券投资基金A类,2026-03-31,海泰新光,688677.SH,0.048,45052254.75,医药生物,医疗器械
003396,东方红优享红利沪港深灵活配置混合型证券投资基金A类,2026-03-31,隆基绿能,601012.SH,0.0461,43243116.0,电力设备,光伏设备
003396,东方红优享红利沪港深灵活配置混合型证券投资基金A类,2026-03-31,博迁新材,605376.SH,0.039,36528342.0,有色金属,能源金属
003396,东方红优享红利沪港深灵活配置混合型证券投资基金A类,2026-03-31,广深铁路,601333.SH,0.0338,31738674.0,交通运输,铁路公路
003396,东方红优享红利沪港深灵活配置混合型证券投资基金A类,2026-03-31,京东方A,000725.SZ,0.0309,28951204.0,电子,光学光电子
003396,东方红优享红利沪港深灵活配置混合型证券投资基金A类,2026-03-31,中国天楹,000035.SZ,0.0242,22683562.0,环保,环境治理
003396,东方红优享红利沪港深灵活配置混合型证券投资基金A类,2026-03-31,招商证券,600999.SH,0.0239,22438952.0,非银金融,证券Ⅱ
003396,东方红优享红利沪港深灵活配置混合型证券投资基金A类,2026-03-31,盾安环境,002011.SZ,0.0234,21926675.0,家用电器,家电零部件Ⅱ
003396,东方红优享红利沪港深灵活配置混合型证券投资基金A类,2026-03-31,广深铁路股份,00525.HK,0.009,8461480.0,--,--
003396,东方红优享红利沪港深灵活配置混合型证券投资基金A类,2026-03-31,海螺水泥,00914.HK,0.0,9360.0,--,--
320006,诺安灵活配置混合型证券投资基金,2026-03-31,中际联合,605305.SH,0.0479,36927046.0,机械设备,工程机械
320006,诺安灵活配置混合型证券投资基金,2026-03-31,春晖智控,300943.SZ,0.0471,36297844.94,机械设备,通用设备
320006,诺安灵活配置混合型证券投资基金,2026-03-31,海达股份,300320.SZ,0.0459,35358946.0,基础化工,橡胶
320006,诺安灵活配置混合型证券投资基金,2026-03-31,天赐材料,002709.SZ,0.041,31629600.0,电力设备,电池
320006,诺安灵活配置混合型证券投资基金,2026-03-31,中国石化,600028.SH,0.0408,31485577.2,石油石化,炼化及贸易
320006,诺安灵活配置混合型证券投资基金,2026-03-31,可立克,002782.SZ,0.0382,29409082.0,电子,其他电子Ⅱ
320006,诺安灵活配置混合型证券投资基金,2026-03-31,广立微,301095.SZ,0.0366,28175429.0,计算机,软件开发
320006,诺安灵活配置混合型证券投资基金,2026-03-31,胜宏科技,300476.SZ,0.0356,27409200.0,电子,元件
320006,诺安灵活配置混合型证券投资基金,2026-03-31,新铝时代,301613.SZ,0.0335,25858565.88,汽车,汽车零部件
320006,诺安灵活配置混合型证券投资基金,2026-03-31,容百科技,688005.SH,0.0329,25382716.78,电力设备,电池
008871,大成睿裕六个月持有期股票型证券投资基金A类,2026-03-31,中国海洋石油,00883.HK,0.0896,6798715.0,--,--
008871,大成睿裕六个月持有期股票型证券投资基金A类,2026-03-31,美的集团,000333.SZ,0.0613,4649715.0,家用电器,白色家电
008871,大成睿裕六个月持有期股票型证券投资基金A类,2026-03-31,腾讯控股,00700.HK,0.0603,4572621.46,--,--
008871,大成睿裕六个月持有期股票型证券投资基金A类,2026-03-31,豪迈科技,002595.SZ,0.0601,4560768.0,机械设备,专用设备
008871,大成睿裕六个月持有期股票型证券投资基金A类,2026-03-31,中伟新材,300919.SZ,0.0495,3754400.0,电力设备,电池
008871,大成睿裕六个月持有期股票型证券投资基金A类,2026-03-31,思源电气,002028.SZ,0.0426,3232000.0,电力设备,电网设备
008871,大成睿裕六个月持有期股票型证券投资基金A类,2026-03-31,中际旭创,300308.SZ,0.0398,3017873.0,通信,通信设备
008871,大成睿裕六个月持有期股票型证券投资基金A类,2026-03-31,宁德时代,300750.SZ,0.0397,3012750.0,电力设备,电池
008871,大成睿裕六个月持有期股票型证券投资基金A类,2026-03-31,中远海能,01138.HK,0.0376,2849632.83,--,--
008871,大成睿裕六个月持有期股票型证券投资基金A类,2026-03-31,东方电缆,603606.SH,0.0367,2784840.0,电力设备,电网设备
008871,大成睿裕六个月持有期股票型证券投资基金A类,2026-03-31,中远海能,600026.SH,0.0017,127600.0,交通运输,航运港口
017019,博时中证农业主题指数型发起式证券投资基金A类,2025-09-30,牧原股份,002714.SZ,0.1538,3752400.0,农林牧渔,养殖业
017019,博时中证农业主题指数型发起式证券投资基金A类,2025-09-30,温氏股份,300498.SZ,0.1322,3226974.0,农林牧渔,养殖业
017019,博时中证农业主题指数型发起式证券投资基金A类,2025-09-30,海大集团,002311.SZ,0.0753,1836576.0,农林牧渔,饲料
017019,博时中证农业主题指数型发起式证券投资基金A类,2025-09-30,藏格矿业,000408.SZ,0.0643,1569077.0,有色金属,能源金属
017019,博时中证农业主题指数型发起式证券投资基金A类,2025-09-30,盐湖股份,000792.SZ,0.0526,1284360.0,基础化工,农化制品
017019,博时中证农业主题指数型发起式证券投资基金A类,2025-09-30,新希望,000876.SZ,0.0314,767340.0,农林牧渔,养殖业
017019,博时中证农业主题指数型发起式证券投资基金A类,2025-09-30,亚钾国际,000893.SZ,0.0308,752064.0,基础化工,农化制品
017019,博时中证农业主题指数型发起式证券投资基金A类,2025-09-30,梅花生物,600873.SH,0.03,733151.0,基础化工,化学制品
017019,博时中证农业主题指数型发起式证券投资基金A类,2025-09-30,扬农化工,600486.SH,0.025,610051.2,基础化工,农化制品
017019,博时中证农业主题指数型发起式证券投资基金A类,2025-09-30,大北农,002385.SZ,0.0199,485520.0,农林牧渔,饲料
012902,平安添悦债券型证券投资基金A类,2026-03-31,阳光电源,300274.SZ,0.0346,33860696.0,电力设备,光伏设备
012902,平安添悦债券型证券投资基金A类,2026-03-31,固德威,688390.SH,0.0333,32583159.15,电力设备,光伏设备
012902,平安添悦债券型证券投资基金A类,2026-03-31,东方电气,600875.SH,0.0311,30486490.0,电力设备,其他电源设备Ⅱ
012902,平安添悦债券型证券投资基金A类,2026-03-31,万泽股份,000534.SZ,0.016,15629040.0,医药生物,生物制品
012902,平安添悦债券型证券投资基金A类,2026-03-31,中国动力,600482.SH,0.0146,14255150.0,电力设备,其他电源设备Ⅱ
012902,平安添悦债券型证券投资基金A类,2026-03-31,上海电气,02727.HK,0.0132,12915050.92,--,--
012902,平安添悦债券型证券投资基金A类,2026-03-31,迪威尔,688377.SH,0.0104,10135795.42,机械设备,专用设备
012902,平安添悦债券型证券投资基金A类,2026-03-31,杰瑞股份,002353.SZ,0.0066,6446880.0,机械设备,专用设备
012902,平安添悦债券型证券投资基金A类,2026-03-31,思源电气,002028.SZ,0.0034,3292600.0,电力设备,电网设备
012902,平安添悦债券型证券投资基金A类,2026-03-31,隆达股份,688231.SH,0.0029,2857214.1,有色金属,金属新材料
011278,华夏内需驱动混合型证券投资基金A类,2026-03-31,燕京啤酒,000729.SZ,0.0431,42267150.0,食品饮料,非白酒
011278,华夏内需驱动混合型证券投资基金A类,2026-03-31,优然牧业,09858.HK,0.0431,42186538.69,--,--
011278,华夏内需驱动混合型证券投资基金A类,2026-03-31,锦江酒店,600754.SH,0.0406,39750080.76,社会服务,酒店餐饮
011278,华夏内需驱动混合型证券投资基金A类,2026-03-31,紫燕食品,603057.SH,0.0398,38955041.4,食品饮料,休闲食品
011278,华夏内需驱动混合型证券投资基金A类,2026-03-31,黄山旅游,600054.SH,0.0385,37727300.0,社会服务,旅游及景区
011278,华夏内需驱动混合型证券投资基金A类,2026-03-31,腾讯控股,00700.HK,0.0379,37179258.6,--,--
011278,华夏内需驱动混合型证券投资基金A类,2026-03-31,李宁,02331.HK,0.0372,36439258.21,--,--
011278,华夏内需驱动混合型证券投资基金A类,2026-03-31,TCL电子,01070.HK,0.0356,34892170.88,--,--
011278,华夏内需驱动混合型证券投资基金A类,2026-03-31,贵州茅台,600519.SH,0.0345,33831400.0,食品饮料,白酒Ⅱ
011278,华夏内需驱动混合型证券投资基金A类,2026-03-31,世纪华通,002602.SZ,0.0326,31900848.0,传媒,游戏Ⅱ
015633,中金景气驱动混合型发起式证券投资基金A类,2026-03-31,宁德时代,300750.SZ,0.0413,10283520.0,电力设备,电池
015633,中金景气驱动混合型发起式证券投资基金A类,2026-03-31,贵州茅台,600519.SH,0.0344,8555000.0,食品饮料,白酒Ⅱ
015633,中金景气驱动混合型发起式证券投资基金A类,2026-03-31,中际旭创,300308.SZ,0.0247,6149628.0,通信,通信设备
015633,中金景气驱动混合型发起式证券投资基金A类,2026-03-31,中国平安,601318.SH,0.0232,5780204.0,非银金融,保险Ⅱ
015633,中金景气驱动混合型发起式证券投资基金A类,2026-03-31,紫金矿业,601899.SH,0.021,5228656.0,有色金属,工业金属
015633,中金景气驱动混合型发起式证券投资基金A类,2026-03-31,招商银行,600036.SH,0.0184,4584712.0,银行,股份制银行Ⅱ
015633,中金景气驱动混合型发起式证券投资基金A类,2026-03-31,新易盛,300502.SZ,0.0172,4277834.4,通信,通信设备
015633,中金景气驱动混合型发起式证券投资基金A类,2026-03-31,美的集团,000333.SZ,0.0147,3657165.0,家用电器,白色家电
015633,中金景气驱动混合型发起式证券投资基金A类,2026-03-31,长江电力,600900.SH,0.0125,3101488.0,公用事业,电力
015633,中金景气驱动混合型发起式证券投资基金A类,2026-03-31,兴业银行,601166.SH,0.0123,3060132.0,银行,股份制银行Ⅱ
sh520890,港股通红利低波ETF华泰柏瑞,--,东方海外国际,00316.HK,0.0338,4298642.08,--,--
sh520890,港股通红利低波ETF华泰柏瑞,--,中国神华,01088.HK,0.0284,3603866.38,--,--
sh520890,港股通红利低波ETF华泰柏瑞,--,VTECH HOLDINGS,00303.HK,0.0268,3402288.89,--,--
sh520890,港股通红利低波ETF华泰柏瑞,--,首钢资源,00639.HK,0.0257,3264619.33,--,--
sh520890,港股通红利低波ETF华泰柏瑞,--,远东宏信,03360.HK,0.0249,3157711.74,--,--
sh520890,港股通红利低波ETF华泰柏瑞,--,万洲国际,00288.HK,0.0242,3071023.71,--,--
sh520890,港股通红利低波ETF华泰柏瑞,--,中国建筑国际,03311.HK,0.0234,2971409.29,--,--
sh520890,港股通红利低波ETF华泰柏瑞,--,中国移动,00941.HK,0.0231,2935190.69,--,--
sh520890,港股通红利低波ETF华泰柏瑞,--,北控水务集团,00371.HK,0.0226,2876138.99,--,--
sh520890,港股通红利低波ETF华泰柏瑞,--,环球医疗,02666.HK,0.0222,2814310.42,--,--
sh520890,港股通红利低波ETF华泰柏瑞,--,东方海外国际,00316,,,--,--
sh520890,港股通红利低波ETF华泰柏瑞,--,中国神华,01088,,,--,--
sh520890,港股通红利低波ETF华泰柏瑞,--,伟易达集团,00303,,,--,--
sh520890,港股通红利低波ETF华泰柏瑞,--,首钢资源,00639,,,--,--
sh520890,港股通红利低波ETF华泰柏瑞,--,远东宏信,03360,,,--,--
sh520890,港股通红利低波ETF华泰柏瑞,--,万洲国际,00288,,,--,--
sh520890,港股通红利低波ETF华泰柏瑞,--,中国建筑国际,03311,,,--,--
sh520890,港股通红利低波ETF华泰柏瑞,--,中国移动,00941,,,--,--
sh520890,港股通红利低波ETF华泰柏瑞,--,北控水务集团,00371,,,--,--
sh520890,港股通红利低波ETF华泰柏瑞,--,环球医疗,02666,,,--,--
021864,中欧中证800研究智选混合型发起式证券投资基金A类,2026-03-31,宁德时代,300750.SZ,0.0368,27275430.0,电力设备,电池
021864,中欧中证800研究智选混合型发起式证券投资基金A类,2026-03-31,齐鲁银行,601665.SH,0.0314,23325696.0,银行,城商行Ⅱ
021864,中欧中证800研究智选混合型发起式证券投资基金A类,2026-03-31,江苏银行,600919.SH,0.0298,22135932.0,银行,城商行Ⅱ
021864,中欧中证800研究智选混合型发起式证券投资基金A类,2026-03-31,贵州茅台,600519.SH,0.0277,20590000.0,食品饮料,白酒Ⅱ
021864,中欧中证800研究智选混合型发起式证券投资基金A类,2026-03-31,兴业银行,601166.SH,0.0273,20278550.0,银行,股份制银行Ⅱ
021864,中欧中证800研究智选混合型发起式证券投资基金A类,2026-03-31,紫金矿业,601899.SH,0.0267,19782512.0,有色金属,工业金属
021864,中欧中证800研究智选混合型发起式证券投资基金A类,2026-03-31,荣盛石化,002493.SZ,0.0266,19713600.0,石油石化,炼化及贸易
021864,中欧中证800研究智选混合型发起式证券投资基金A类,2026-03-31,新易盛,300502.SZ,0.025,18554996.0,通信,通信设备
021864,中欧中证800研究智选混合型发起式证券投资基金A类,2026-03-31,川投能源,600674.SH,0.0243,18028812.0,公用事业,电力
021864,中欧中证800研究智选混合型发起式证券投资基金A类,2026-03-31,中际旭创,300308.SZ,0.0241,17879474.0,通信,通信设备
005962,宝盈人工智能主题股票型证券投资基金A类,2026-03-31,中材科技,002080.SZ,0.0875,88004070.0,建筑材料,玻璃玻纤
005962,宝盈人工智能主题股票型证券投资基金A类,2026-03-31,景旺电子,603228.SH,0.0827,83188690.0,电子,元件
005962,宝盈人工智能主题股票型证券投资基金A类,2026-03-31,阿里巴巴-W,09988.HK,0.0634,63788634.46,--,--
005962,宝盈人工智能主题股票型证券投资基金A类,2026-03-31,中际旭创,300308.SZ,0.0612,61553221.0,通信,通信设备
005962,宝盈人工智能主题股票型证券投资基金A类,2026-03-31,菲利华,300395.SZ,0.0585,58843320.0,国防军工,航空装备Ⅱ
005962,宝盈人工智能主题股票型证券投资基金A类,2026-03-31,中科飞测,688361.SH,0.0423,42585099.65,电子,半导体
005962,宝盈人工智能主题股票型证券投资基金A类,2026-03-31,腾讯控股,00700.HK,0.0418,42036493.69,--,--
005962,宝盈人工智能主题股票型证券投资基金A类,2026-03-31,胜宏科技,300476.SZ,0.0413,41515400.0,电子,元件
005962,宝盈人工智能主题股票型证券投资基金A类,2026-03-31,沪电股份,002463.SZ,0.041,41213725.0,电子,元件
005962,宝盈人工智能主题股票型证券投资基金A类,2026-03-31,科士达,002518.SZ,0.0405,40718489.9,电力设备,其他电源设备Ⅱ
050016,博时宏观回报债券型证券投资基金A/B类,2026-03-31,宁德时代,300750.SZ,0.006,843570.0,电力设备,电池
050016,博时宏观回报债券型证券投资基金A/B类,2026-03-31,渝农商行,601077.SH,0.0059,830490.0,银行,农商行Ⅱ
050016,博时宏观回报债券型证券投资基金A/B类,2026-03-31,华通线缆,605196.SH,0.0054,772112.0,电力设备,电网设备
050016,博时宏观回报债券型证券投资基金A/B类,2026-03-31,紫金矿业,601899.SH,0.0047,667488.0,有色金属,工业金属
050016,博时宏观回报债券型证券投资基金A/B类,2026-03-31,松发股份,603268.SH,0.0044,617100.0,国防军工,航海装备Ⅱ
050016,博时宏观回报债券型证券投资基金A/B类,2026-03-31,杰瑞股份,002353.SZ,0.0041,580800.0,机械设备,专用设备
050016,博时宏观回报债券型证券投资基金A/B类,2026-03-31,阳光电源,300274.SZ,0.0036,512584.0,电力设备,光伏设备
050016,博时宏观回报债券型证券投资基金A/B类,2026-03-31,南京银行,601009.SH,0.0035,492048.0,银行,城商行Ⅱ
050016,博时宏观回报债券型证券投资基金A/B类,2026-03-31,恒立液压,601100.SH,0.0034,480000.0,机械设备,工程机械
050016,博时宏观回报债券型证券投资基金A/B类,2026-03-31,东方电缆,603606.SH,0.0034,478266.0,电力设备,电网设备
sz159545,恒生红利低波ETF易方达,--,东方海外国际,00316.HK,0.0346,249075603.66,--,--
sz159545,恒生红利低波ETF易方达,--,中国神华,01088.HK,0.0287,205990486.76,--,--
sz159545,恒生红利低波ETF易方达,--,VTECH HOLDINGS,00303.HK,0.0271,194478381.58,--,--
sz159545,恒生红利低波ETF易方达,--,首钢资源,00639.HK,0.026,186741790.26,--,--
sz159545,恒生红利低波ETF易方达,--,远东宏信,03360.HK,0.0251,180449551.04,--,--
sz159545,恒生红利低波ETF易方达,--,万洲国际,00288.HK,0.0244,175709663.53,--,--
sz159545,恒生红利低波ETF易方达,--,中国建筑国际,03311.HK,0.0237,170267636.53,--,--
sz159545,恒生红利低波ETF易方达,--,中国移动,00941.HK,0.0234,168284265.94,--,--
sz159545,恒生红利低波ETF易方达,--,北控水务集团,00371.HK,0.0229,164581191.3,--,--
sz159545,恒生红利低波ETF易方达,--,环球医疗,02666.HK,0.0224,160896248.04,--,--
sz159545,恒生红利低波ETF易方达,--,东方海外国际,00316,,,--,--
sz159545,恒生红利低波ETF易方达,--,中国神华,01088,,,--,--
sz159545,恒生红利低波ETF易方达,--,伟易达集团,00303,,,--,--
sz159545,恒生红利低波ETF易方达,--,首钢资源,00639,,,--,--
sz159545,恒生红利低波ETF易方达,--,远东宏信,03360,,,--,--
sz159545,恒生红利低波ETF易方达,--,万洲国际,00288,,,--,--
sz159545,恒生红利低波ETF易方达,--,中国建筑国际,03311,,,--,--
sz159545,恒生红利低波ETF易方达,--,中国移动,00941,,,--,--
sz159545,恒生红利低波ETF易方达,--,北控水务集团,00371,,,--,--
sz159545,恒生红利低波ETF易方达,--,环球医疗,02666,,,--,--
sh560010,中证1000ETF广发,--,源杰科技,688498.SH,0.0068,43231909.12,电子,半导体
sh560010,中证1000ETF广发,--,德明利,001309.SZ,0.0059,37042645.5,电子,半导体
sh560010,中证1000ETF广发,--,香农芯创,300475.SZ,0.0046,29094777.33,电子,其他电子Ⅱ
sh560010,中证1000ETF广发,--,长飞光纤,601869.SH,0.0043,26987528.0,通信,通信设备
sh560010,中证1000ETF广发,--,长芯博创,300548.SZ,0.0041,25708371.6,通信,通信设备
sh560010,中证1000ETF广发,--,东芯股份,688110.SH,0.0038,23863737.04,电子,半导体
sh560010,中证1000ETF广发,--,永鼎股份,600105.SH,0.0037,23134466.5,通信,通信设备
sh560010,中证1000ETF广发,--,江丰电子,300666.SZ,0.0034,21379458.52,电子,半导体
sh560010,中证1000ETF广发,--,欧菲光,002456.SZ,0.0033,20761920.0,电子,光学光电子
sh560010,中证1000ETF广发,--,应流股份,603308.SH,0.0033,20986965.4,机械设备,通用设备
sh560010,中证1000ETF广发,--,源杰科技,688498,,,--,--
sh560010,中证1000ETF广发,--,德明利,001309,,,--,--
sh560010,中证1000ETF广发,--,香农芯创,300475,,,--,--
sh560010,中证1000ETF广发,--,长飞光纤,601869,,,--,--
sh560010,中证1000ETF广发,--,长芯博创,300548,,,--,--
sh560010,中证1000ETF广发,--,东芯股份,688110,,,--,--
sh560010,中证1000ETF广发,--,永鼎股份,600105,,,--,--
sh560010,中证1000ETF广发,--,江丰电子,300666,,,--,--
sh560010,中证1000ETF广发,--,应流股份,603308,,,--,--
sh560010,中证1000ETF广发,--,欧菲光,002456,,,--,--
010755,博道睿见一年持有期混合型证券投资基金,2026-03-31,紫金矿业,601899.SH,0.0744,17637454.24,有色金属,工业金属
010755,博道睿见一年持有期混合型证券投资基金,2026-03-31,中际旭创,300308.SZ,0.0612,14519955.0,通信,通信设备
010755,博道睿见一年持有期混合型证券投资基金,2026-03-31,北方华创,002371.SZ,0.0587,13912875.0,电子,半导体
010755,博道睿见一年持有期混合型证券投资基金,2026-03-31,新易盛,300502.SZ,0.0497,11779544.0,通信,通信设备
010755,博道睿见一年持有期混合型证券投资基金,2026-03-31,思源电气,002028.SZ,0.0479,11372600.0,电力设备,电网设备
010755,博道睿见一年持有期混合型证券投资基金,2026-03-31,中微公司,688012.SH,0.0475,11274784.0,电子,半导体
010755,博道睿见一年持有期混合型证券投资基金,2026-03-31,拓荆科技,688072.SH,0.0384,9102000.0,电子,半导体
010755,博道睿见一年持有期混合型证券投资基金,2026-03-31,特变电工,600089.SH,0.033,7833400.0,电力设备,电网设备
010755,博道睿见一年持有期混合型证券投资基金,2026-03-31,工商银行,601398.SH,0.031,7364196.0,银行,国有大型银行Ⅱ
010755,博道睿见一年持有期混合型证券投资基金,2026-03-31,洛阳钼业,603993.SH,0.0309,7338485.0,有色金属,工业金属
012582,交银施罗德品质增长一年持有期混合型证券投资基金A类,2026-03-31,贵州茅台,600519.SH,0.0937,101665300.0,食品饮料,白酒Ⅱ
012582,交银施罗德品质增长一年持有期混合型证券投资基金A类,2026-03-31,燕京啤酒,000729.SZ,0.0714,77439078.0,食品饮料,非白酒
012582,交银施罗德品质增长一年持有期混合型证券投资基金A类,2026-03-31,盐津铺子,002847.SZ,0.0692,75066003.12,食品饮料,休闲食品
012582,交银施罗德品质增长一年持有期混合型证券投资基金A类,2026-03-31,蜜雪集团,02097.HK,0.0551,59786575.29,--,--
012582,交银施罗德品质增长一年持有期混合型证券投资基金A类,2026-03-31,农夫山泉,09633.HK,0.0521,56466383.08,--,--
012582,交银施罗德品质增长一年持有期混合型证券投资基金A类,2026-03-31,毛戈平,01318.HK,0.052,56401857.1,--,--
012582,交银施罗德品质增长一年持有期混合型证券投资基金A类,2026-03-31,东鹏饮料,605499.SH,0.0517,56072990.09,食品饮料,饮料乳品
012582,交银施罗德品质增长一年持有期混合型证券投资基金A类,2026-03-31,稳健医疗,300888.SZ,0.0494,53613913.6,美容护理,个护用品
012582,交银施罗德品质增长一年持有期混合型证券投资基金A类,2026-03-31,百胜中国,09987.HK,0.0448,48610273.65,--,--
012582,交银施罗德品质增长一年持有期混合型证券投资基金A类,2026-03-31,舍得酒业,600702.SH,0.0437,47365101.14,食品饮料,白酒Ⅱ
003692,大成景尚灵活配置混合型证券投资基金A类,2026-03-31,中国巨石,600176.SH,0.0059,26335023.0,建筑材料,玻璃玻纤
003692,大成景尚灵活配置混合型证券投资基金A类,2026-03-31,美的集团,000333.SZ,0.0047,21011520.0,家用电器,白色家电
003692,大成景尚灵活配置混合型证券投资基金A类,2026-03-31,恩华药业,002262.SZ,0.0046,20538560.0,医药生物,化学制药
003692,大成景尚灵活配置混合型证券投资基金A类,2026-03-31,豪迈科技,002595.SZ,0.0046,20515538.0,机械设备,专用设备
003692,大成景尚灵活配置混合型证券投资基金A类,2026-03-31,福耀玻璃,600660.SH,0.0035,15600900.0,汽车,汽车零部件
003692,大成景尚灵活配置混合型证券投资基金A类,2026-03-31,时代电气,688187.SH,0.0034,15175893.75,机械设备,轨交设备Ⅱ
003692,大成景尚灵活配置混合型证券投资基金A类,2026-03-31,华域汽车,600741.SH,0.0033,14841646.0,汽车,汽车零部件
003692,大成景尚灵活配置混合型证券投资基金A类,2026-03-31,申通快递,002468.SZ,0.003,13604760.0,交通运输,物流
003692,大成景尚灵活配置混合型证券投资基金A类,2026-03-31,齐鲁银行,601665.SH,0.0028,12714675.84,银行,城商行Ⅱ
003692,大成景尚灵活配置混合型证券投资基金A类,2026-03-31,英科医疗,300677.SZ,0.0026,11460204.0,医药生物,医疗器械
sh501092,交银瑞思LOF,--,航发动力,600893.SH,0.0731,66755340.0,国防军工,航空装备Ⅱ
sh501092,交银瑞思LOF,--,顺丰控股,06936.HK,0.062,56629587.56,--,--
sh501092,交银瑞思LOF,--,润丰股份,301035.SZ,0.0365,33306968.8,基础化工,农化制品
sh501092,交银瑞思LOF,--,海天味业,603288.SH,0.0363,33115700.0,食品饮料,调味发酵品Ⅱ
sh501092,交银瑞思LOF,--,顺丰控股,002352.SZ,0.0355,32463107.76,交通运输,物流
sh501092,交银瑞思LOF,--,英科医疗,300677.SZ,0.0353,32274000.0,医药生物,医疗器械
sh501092,交银瑞思LOF,--,吉利汽车,00175.HK,0.0324,29554102.4,--,--
sh501092,交银瑞思LOF,--,锦江酒店,600754.SH,0.0294,26870000.0,社会服务,酒店餐饮
sh501092,交银瑞思LOF,--,映恩生物-B,09606.HK,0.0285,26047025.0,--,--
sh501092,交银瑞思LOF,--,毛戈平,01318.HK,0.0272,24872207.05,--,--
sh501092,交银瑞思LOF,--,中国金茂,00817.HK,0.0264,24087688.31,--,--
sh501092,交银瑞思LOF,--,航发动力,600893,,,--,--
sh501092,交银瑞思LOF,--,顺丰控股,06936,,,--,--
sh501092,交银瑞思LOF,--,润丰股份,301035,,,--,--
sh501092,交银瑞思LOF,--,海天味业,603288,,,--,--
sh501092,交银瑞思LOF,--,顺丰控股,002352,,,--,--
sh501092,交银瑞思LOF,--,英科医疗,300677,,,--,--
sh501092,交银瑞思LOF,--,吉利汽车,00175,,,--,--
sh501092,交银瑞思LOF,--,锦江酒店,600754,,,--,--
sh501092,交银瑞思LOF,--,映恩生物-B,09606,,,--,--
sh501092,交银瑞思LOF,--,毛戈平,01318,,,--,--
016774,中信建投红利智选混合型证券投资基金A类,2026-03-31,云天化,600096.SH,0.0291,1459143.0,基础化工,农化制品
016774,中信建投红利智选混合型证券投资基金A类,2026-03-31,江苏银行,600919.SH,0.0178,894348.0,银行,城商行Ⅱ
016774,中信建投红利智选混合型证券投资基金A类,2026-03-31,上海银行,601229.SH,0.0165,829467.0,银行,城商行Ⅱ
016774,中信建投红利智选混合型证券投资基金A类,2026-03-31,广日股份,600894.SH,0.0161,808437.0,机械设备,专用设备
016774,中信建投红利智选混合型证券投资基金A类,2026-03-31,邮储银行,601658.SH,0.0153,770013.0,银行,国有大型银行Ⅱ
016774,中信建投红利智选混合型证券投资基金A类,2026-03-31,兴发集团,600141.SH,0.0152,761064.0,基础化工,农化制品
016774,中信建投红利智选混合型证券投资基金A类,2026-03-31,济川药业,600566.SH,0.0149,750120.0,医药生物,中药Ⅱ
016774,中信建投红利智选混合型证券投资基金A类,2026-03-31,浙江龙盛,600352.SH,0.0144,722055.0,基础化工,化学制品
016774,中信建投红利智选混合型证券投资基金A类,2026-03-31,南京银行,601009.SH,0.0135,679983.0,银行,城商行Ⅱ
016774,中信建投红利智选混合型证券投资基金A类,2026-03-31,高能环境,603588.SH,0.0135,677235.0,环保,环境治理
018939,长城景气成长混合型证券投资基金A类,2026-03-31,中航沈飞,600760.SH,0.091,122753878.9,国防军工,航空装备Ⅱ
018939,长城景气成长混合型证券投资基金A类,2026-03-31,航天南湖,688552.SH,0.0858,115668000.0,国防军工,军工电子Ⅱ
018939,长城景气成长混合型证券投资基金A类,2026-03-31,航发动力,600893.SH,0.082,110538000.0,国防军工,航空装备Ⅱ
018939,长城景气成长混合型证券投资基金A类,2026-03-31,洪都航空,600316.SH,0.0807,108845000.0,国防军工,航空装备Ⅱ
018939,长城景气成长混合型证券投资基金A类,2026-03-31,国科天成,301571.SZ,0.0796,107423000.0,国防军工,军工电子Ⅱ
018939,长城景气成长混合型证券投资基金A类,2026-03-31,航发科技,600391.SH,0.0759,102414000.0,国防军工,航空装备Ⅱ
018939,长城景气成长混合型证券投资基金A类,2026-03-31,国睿科技,600562.SH,0.0755,101840000.0,国防军工,军工电子Ⅱ
018939,长城景气成长混合型证券投资基金A类,2026-03-31,中航西飞,000768.SZ,0.0731,98640000.0,国防军工,航空装备Ⅱ
018939,长城景气成长混合型证券投资基金A类,2026-03-31,航天电子,600879.SH,0.066,88960000.0,国防军工,航天装备Ⅱ
018939,长城景气成长混合型证券投资基金A类,2026-03-31,中航成飞,302132.SZ,0.0646,87165000.0,国防军工,军工电子Ⅱ
372010,摩根强化回报债券型证券投资基金A类,2026-03-31,赛轮轮胎,601058.SH,0.0172,47622861.0,汽车,汽车零部件
372010,摩根强化回报债券型证券投资基金A类,2026-03-31,润丰股份,301035.SZ,0.0134,37182248.0,基础化工,农化制品
372010,摩根强化回报债券型证券投资基金A类,2026-03-31,电连技术,300679.SZ,0.0107,29602782.0,电子,消费电子
372010,摩根强化回报债券型证券投资基金A类,2026-03-31,海澜之家,600398.SH,0.0101,27969949.0,纺织服饰,服装家纺
372010,摩根强化回报债券型证券投资基金A类,2026-03-31,传音控股,688036.SH,0.0101,28053361.6,电子,消费电子
372010,摩根强化回报债券型证券投资基金A类,2026-03-31,力盛体育,002858.SZ,0.0094,25966080.0,社会服务,体育Ⅱ
372010,摩根强化回报债券型证券投资基金A类,2026-03-31,仙乐健康,300791.SZ,0.0089,24682988.48,食品饮料,食品加工
372010,摩根强化回报债券型证券投资基金A类,2026-03-31,百合股份,603102.SH,0.0088,24452200.0,食品饮料,食品加工
372010,摩根强化回报债券型证券投资基金A类,2026-03-31,健友股份,603707.SH,0.008,22272201.05,医药生物,化学制药
372010,摩根强化回报债券型证券投资基金A类,2026-03-31,中国汽研,601965.SH,0.0078,21716692.0,汽车,汽车服务
000263,工银瑞信信息产业混合型证券投资基金A类,2026-03-31,新易盛,300502.SZ,0.0632,60359092.0,通信,通信设备
000263,工银瑞信信息产业混合型证券投资基金A类,2026-03-31,中际旭创,300308.SZ,0.0557,53125953.0,通信,通信设备
000263,工银瑞信信息产业混合型证券投资基金A类,2026-03-31,宁德时代,300750.SZ,0.0542,51754224.6,电力设备,电池
000263,工银瑞信信息产业混合型证券投资基金A类,2026-03-31,立讯精密,002475.SZ,0.045,42995901.36,电子,消费电子
000263,工银瑞信信息产业混合型证券投资基金A类,2026-03-31,思源电气,002028.SZ,0.0422,40322836.0,电力设备,电网设备
000263,工银瑞信信息产业混合型证券投资基金A类,2026-03-31,沪电股份,002463.SZ,0.0357,34087739.0,电子,元件
000263,工银瑞信信息产业混合型证券投资基金A类,2026-03-31,麦格米特,002851.SZ,0.034,32414644.8,电力设备,其他电源设备Ⅱ
000263,工银瑞信信息产业混合型证券投资基金A类,2026-03-31,联瑞新材,688300.SH,0.031,29572392.06,基础化工,非金属材料Ⅱ
000263,工银瑞信信息产业混合型证券投资基金A类,2026-03-31,中材科技,002080.SZ,0.0303,28961625.0,建筑材料,玻璃玻纤
000263,工银瑞信信息产业混合型证券投资基金A类,2026-03-31,东山精密,002384.SZ,0.0291,27819619.7,电子,元件
013962,华夏创新视野一年持有期混合型证券投资基金A类,2026-03-31,模塑科技,000700.SZ,0.0433,22467648.0,汽车,汽车零部件
013962,华夏创新视野一年持有期混合型证券投资基金A类,2026-03-31,安培龙,301413.SZ,0.0404,21001288.0,机械设备,通用设备
013962,华夏创新视野一年持有期混合型证券投资基金A类,2026-03-31,罗博特科,300757.SZ,0.0395,20514879.0,机械设备,自动化设备
013962,华夏创新视野一年持有期混合型证券投资基金A类,2026-03-31,中材科技,002080.SZ,0.0378,19607511.0,建筑材料,玻璃玻纤
013962,华夏创新视野一年持有期混合型证券投资基金A类,2026-03-31,环旭电子,601231.SH,0.0337,17493630.0,电子,消费电子
013962,华夏创新视野一年持有期混合型证券投资基金A类,2026-03-31,闰土股份,002440.SZ,0.0319,16562392.0,基础化工,化学制品
013962,华夏创新视野一年持有期混合型证券投资基金A类,2026-03-31,敏实集团,00425.HK,0.0311,16154594.47,--,--
013962,华夏创新视野一年持有期混合型证券投资基金A类,2026-03-31,拓普集团,601689.SH,0.0303,15743540.0,汽车,汽车零部件
013962,华夏创新视野一年持有期混合型证券投资基金A类,2026-03-31,南亚新材,688519.SH,0.0286,14843457.72,电子,元件
013962,华夏创新视野一年持有期混合型证券投资基金A类,2026-03-31,三花智控,002050.SZ,0.0279,14477212.0,家用电器,家电零部件Ⅱ
013962,华夏创新视野一年持有期混合型证券投资基金A类,2026-03-31,三花智控,02050.HK,0.0067,3471060.1,--,--
004738,摩根安隆回报混合型证券投资基金A类,2026-03-31,农业银行,601288.SH,0.0061,1033501.8,银行,国有大型银行Ⅱ
004738,摩根安隆回报混合型证券投资基金A类,2026-03-31,保变电气,600550.SH,0.0055,938125.0,电力设备,电网设备
004738,摩根安隆回报混合型证券投资基金A类,2026-03-31,工商银行,601398.SH,0.0046,773695.16,银行,国有大型银行Ⅱ
004738,摩根安隆回报混合型证券投资基金A类,2026-03-31,潍柴动力,000338.SZ,0.0043,736896.0,汽车,汽车零部件
004738,摩根安隆回报混合型证券投资基金A类,2026-03-31,华泰证券,601688.SH,0.0042,706660.0,非银金融,证券Ⅱ
004738,摩根安隆回报混合型证券投资基金A类,2026-03-31,东方证券,600958.SH,0.0041,695176.0,非银金融,证券Ⅱ
004738,摩根安隆回报混合型证券投资基金A类,2026-03-31,海光信息,688041.SH,0.004,684816.82,电子,半导体
004738,摩根安隆回报混合型证券投资基金A类,2026-03-31,安集科技,688019.SH,0.0039,666056.76,电子,电子化学品Ⅱ
004738,摩根安隆回报混合型证券投资基金A类,2026-03-31,欧陆通,300870.SZ,0.0037,632268.0,电力设备,其他电源设备Ⅱ
004738,摩根安隆回报混合型证券投资基金A类,2026-03-31,湖南裕能,301358.SZ,0.0033,559292.0,电力设备,电池
012609,安信稳健汇利一年持有期混合型证券投资基金A类,2026-03-31,中国海洋石油,00883.HK,0.0074,7565115.6,--,--
012609,安信稳健汇利一年持有期混合型证券投资基金A类,2026-03-31,招商银行,600036.SH,0.0066,6700128.0,银行,股份制银行Ⅱ
012609,安信稳健汇利一年持有期混合型证券投资基金A类,2026-03-31,美的集团,000333.SZ,0.0065,6659399.7,家用电器,白色家电
012609,安信稳健汇利一年持有期混合型证券投资基金A类,2026-03-31,中国联通,00762.HK,0.0064,6554579.33,--,--
012609,安信稳健汇利一年持有期混合型证券投资基金A类,2026-03-31,中国海外发展,00688.HK,0.0055,5629336.02,--,--
012609,安信稳健汇利一年持有期混合型证券投资基金A类,2026-03-31,兴业银行,601166.SH,0.0041,4206270.0,银行,股份制银行Ⅱ
012609,安信稳健汇利一年持有期混合型证券投资基金A类,2026-03-31,晋控煤业,601001.SH,0.004,4077926.0,煤炭,煤炭开采
012609,安信稳健汇利一年持有期混合型证券投资基金A类,2026-03-31,石头科技,688169.SH,0.0039,3971338.0,家用电器,小家电
012609,安信稳健汇利一年持有期混合型证券投资基金A类,2026-03-31,海尔智家,600690.SH,0.0035,3521286.0,家用电器,白色家电
012609,安信稳健汇利一年持有期混合型证券投资基金A类,2026-03-31,山西焦煤,000983.SZ,0.0032,3217088.0,煤炭,煤炭开采
012609,安信稳健汇利一年持有期混合型证券投资基金A类,2026-03-31,海尔智家,06690.HK,0.0018,1840449.23,--,--
007316,交银施罗德可转债债券型证券投资基金A类,2026-03-31,中际旭创,300308.SZ,0.0143,2277640.0,通信,通信设备
007316,交银施罗德可转债债券型证券投资基金A类,2026-03-31,圆通速递,600233.SH,0.0139,2224560.0,交通运输,物流
007316,交银施罗德可转债债券型证券投资基金A类,2026-03-31,盐湖股份,000792.SZ,0.0125,1986900.0,基础化工,农化制品
007316,交银施罗德可转债债券型证券投资基金A类,2026-03-31,蓝帆医疗,002382.SZ,0.01,1591204.0,医药生物,医疗器械
007316,交银施罗德可转债债券型证券投资基金A类,2026-03-31,太阳纸业,002078.SZ,0.0099,1582361.0,轻工制造,造纸
007316,交银施罗德可转债债券型证券投资基金A类,2026-03-31,台华新材,603055.SH,0.0095,1516485.0,纺织服饰,纺织制造
007316,交银施罗德可转债债券型证券投资基金A类,2026-03-31,海澜之家,600398.SH,0.0093,1484269.0,纺织服饰,服装家纺
007316,交银施罗德可转债债券型证券投资基金A类,2026-03-31,海容冷链,603187.SH,0.0093,1491766.0,机械设备,通用设备
007316,交银施罗德可转债债券型证券投资基金A类,2026-03-31,莱特光电,688150.SH,0.0092,1474928.42,电子,电子化学品Ⅱ
007316,交银施罗德可转债债券型证券投资基金A类,2026-03-31,伊利股份,600887.SH,0.0091,1449250.0,食品饮料,饮料乳品
010313,上银鑫恒混合型证券投资基金A类,2026-03-31,中国石油,601857.SH,0.0503,1739513.0,石油石化,炼化及贸易
010313,上银鑫恒混合型证券投资基金A类,2026-03-31,中国神华,601088.SH,0.0483,1668975.0,煤炭,煤炭开采
010313,上银鑫恒混合型证券投资基金A类,2026-03-31,中国海油,600938.SH,0.0408,1412000.0,石油石化,油气开采Ⅱ
010313,上银鑫恒混合型证券投资基金A类,2026-03-31,徐工机械,000425.SZ,0.0373,1291248.0,机械设备,工程机械
010313,上银鑫恒混合型证券投资基金A类,2026-03-31,杰瑞股份,002353.SZ,0.0336,1161600.0,机械设备,专用设备
010313,上银鑫恒混合型证券投资基金A类,2026-03-31,紫金矿业,601899.SH,0.0332,1148472.0,有色金属,工业金属
010313,上银鑫恒混合型证券投资基金A类,2026-03-31,中联重科,000157.SZ,0.0323,1118000.0,机械设备,工程机械
010313,上银鑫恒混合型证券投资基金A类,2026-03-31,思源电气,002028.SZ,0.031,1070600.0,电力设备,电网设备
010313,上银鑫恒混合型证券投资基金A类,2026-03-31,中煤能源,601898.SH,0.03,1038880.0,煤炭,煤炭开采
010313,上银鑫恒混合型证券投资基金A类,2026-03-31,中远海能,600026.SH,0.0291,1005400.0,交通运输,航运港口
017839,银华清洁能源产业混合型证券投资基金A类,2026-03-31,宁德时代,300750.SZ,0.0749,6146010.0,电力设备,电池
017839,银华清洁能源产业混合型证券投资基金A类,2026-03-31,阳光电源,300274.SZ,0.0719,5894716.0,电力设备,光伏设备
017839,银华清洁能源产业混合型证券投资基金A类,2026-03-31,德业股份,605117.SH,0.0641,5255770.8,电力设备,光伏设备
017839,银华清洁能源产业混合型证券投资基金A类,2026-03-31,大金重工,002487.SZ,0.0471,3861380.0,电力设备,风电设备
017839,银华清洁能源产业混合型证券投资基金A类,2026-03-31,亨通光电,600487.SH,0.0447,3665136.0,通信,通信设备
017839,银华清洁能源产业混合型证券投资基金A类,2026-03-31,思源电气,002028.SZ,0.0441,3615800.0,电力设备,电网设备
017839,银华清洁能源产业混合型证券投资基金A类,2026-03-31,湖南裕能,301358.SZ,0.0428,3506912.0,电力设备,电池
017839,银华清洁能源产业混合型证券投资基金A类,2026-03-31,恩捷股份,002812.SZ,0.0427,3504226.0,电力设备,电池
017839,银华清洁能源产业混合型证券投资基金A类,2026-03-31,亿纬锂能,300014.SZ,0.0416,3410204.0,电力设备,电池
017839,银华清洁能源产业混合型证券投资基金A类,2026-03-31,天赐材料,002709.SZ,0.0414,3394800.0,电力设备,电池
sz161225,国投瑞盈LOF,--,中国动力,600482.SH,0.0783,11808277.0,电力设备,其他电源设备Ⅱ
sz161225,国投瑞盈LOF,--,宝武镁业,002182.SZ,0.076,11465916.0,有色金属,小金属
sz161225,国投瑞盈LOF,--,中国化学,601117.SH,0.0594,8959647.0,建筑装饰,专业工程
sz161225,国投瑞盈LOF,--,首旅酒店,600258.SH,0.0549,8274952.0,社会服务,酒店餐饮
sz161225,国投瑞盈LOF,--,长沙银行,601577.SH,0.0502,7564365.0,银行,城商行Ⅱ
sz161225,国投瑞盈LOF,--,TCL科技,000100.SZ,0.049,7382830.0,电子,光学光电子
sz161225,国投瑞盈LOF,--,海兴电力,603556.SH,0.0444,6691200.0,电力设备,电网设备
sz161225,国投瑞盈LOF,--,亨通光电,600487.SH,0.0439,6614096.0,通信,通信设备
sz161225,国投瑞盈LOF,--,中通客车,000957.SZ,0.0415,6265728.0,汽车,商用车
sz161225,国投瑞盈LOF,--,古越龙山,600059.SH,0.0394,5944280.88,食品饮料,非白酒
sz161225,国投瑞盈LOF,--,中国动力,600482,,,--,--
sz161225,国投瑞盈LOF,--,宝武镁业,002182,,,--,--
sz161225,国投瑞盈LOF,--,中国化学,601117,,,--,--
sz161225,国投瑞盈LOF,--,首旅酒店,600258,,,--,--
sz161225,国投瑞盈LOF,--,长沙银行,601577,,,--,--
sz161225,国投瑞盈LOF,--,TCL科技,000100,,,--,--
sz161225,国投瑞盈LOF,--,海兴电力,603556,,,--,--
sz161225,国投瑞盈LOF,--,亨通光电,600487,,,--,--
sz161225,国投瑞盈LOF,--,中通客车,000957,,,--,--
sz161225,国投瑞盈LOF,--,古越龙山,600059,,,--,--
009490,泰康科技创新一年定期开放混合型证券投资基金,2026-03-31,万凯新材,301216.SZ,0.0987,14437626.0,基础化工,塑料
009490,泰康科技创新一年定期开放混合型证券投资基金,2026-03-31,世纪华通,002602.SZ,0.0933,13650588.0,传媒,游戏Ⅱ
009490,泰康科技创新一年定期开放混合型证券投资基金,2026-03-31,恩捷股份,002812.SZ,0.0811,11875056.0,电力设备,电池
009490,泰康科技创新一年定期开放混合型证券投资基金,2026-03-31,中际旭创,300308.SZ,0.0724,10591026.0,通信,通信设备
009490,泰康科技创新一年定期开放混合型证券投资基金,2026-03-31,宝丰能源,600989.SH,0.0662,9691510.0,基础化工,化学原料
009490,泰康科技创新一年定期开放混合型证券投资基金,2026-03-31,新易盛,300502.SZ,0.0651,9521060.0,通信,通信设备
009490,泰康科技创新一年定期开放混合型证券投资基金,2026-03-31,万华化学,600309.SH,0.03,4385640.0,基础化工,化学制品
009490,泰康科技创新一年定期开放混合型证券投资基金,2026-03-31,兴发集团,600141.SH,0.0295,4322710.0,基础化工,农化制品
009490,泰康科技创新一年定期开放混合型证券投资基金,2026-03-31,美团-W,03690.HK,0.029,4247920.0,--,--
009490,泰康科技创新一年定期开放混合型证券投资基金,2026-03-31,羚锐制药,600285.SH,0.0217,3175935.0,医药生物,中药Ⅱ
011216,南方优质企业混合型证券投资基金A类,2026-03-31,药明康德,603259.SH,0.0429,23642100.0,医药生物,医疗服务
011216,南方优质企业混合型证券投资基金A类,2026-03-31,神火股份,000933.SZ,0.0326,17956400.0,有色金属,工业金属
011216,南方优质企业混合型证券投资基金A类,2026-03-31,新易盛,300502.SZ,0.028,15455116.0,通信,通信设备
011216,南方优质企业混合型证券投资基金A类,2026-03-31,中际旭创,300308.SZ,0.0273,15032424.0,通信,通信设备
011216,南方优质企业混合型证券投资基金A类,2026-03-31,华鲁恒升,600426.SH,0.0244,13477006.6,基础化工,农化制品
011216,南方优质企业混合型证券投资基金A类,2026-03-31,久立特材,002318.SZ,0.0241,13292920.0,钢铁,特钢Ⅱ
011216,南方优质企业混合型证券投资基金A类,2026-03-31,宁德时代,300750.SZ,0.0238,13135590.0,电力设备,电池
011216,南方优质企业混合型证券投资基金A类,2026-03-31,阳光电源,300274.SZ,0.023,12678916.0,电力设备,光伏设备
011216,南方优质企业混合型证券投资基金A类,2026-03-31,宇通客车,600066.SH,0.0227,12497210.0,汽车,商用车
011216,南方优质企业混合型证券投资基金A类,2026-03-31,宝丰能源,600989.SH,0.0219,12051182.0,基础化工,化学原料
003218,前海开源祥和债券型证券投资基金A类,2026-03-31,新宙邦,300037.SZ,0.0081,7400448.0,电力设备,电池
003218,前海开源祥和债券型证券投资基金A类,2026-03-31,潞安环能,601699.SH,0.0058,5281790.0,煤炭,煤炭开采
003218,前海开源祥和债券型证券投资基金A类,2026-03-31,山煤国际,600546.SH,0.0057,5232540.0,煤炭,煤炭开采
003218,前海开源祥和债券型证券投资基金A类,2026-03-31,新集能源,601918.SH,0.0057,5215418.0,煤炭,煤炭开采
003218,前海开源祥和债券型证券投资基金A类,2026-03-31,苏盐井神,603299.SH,0.0054,4946240.0,基础化工,化学原料
003218,前海开源祥和债券型证券投资基金A类,2026-03-31,金禾实业,002597.SZ,0.0052,4772460.0,基础化工,化学制品
003218,前海开源祥和债券型证券投资基金A类,2026-03-31,斯迪克,300806.SZ,0.0051,4667781.0,基础化工,塑料
003218,前海开源祥和债券型证券投资基金A类,2026-03-31,宏和科技,603256.SH,0.0017,1576125.0,建筑材料,玻璃玻纤
003218,前海开源祥和债券型证券投资基金A类,2026-03-31,通富微电,002156.SZ,0.0009,847265.0,电子,半导体
003218,前海开源祥和债券型证券投资基金A类,2026-03-31,王府井,600859.SH,0.0007,622373.64,商贸零售,一般零售
010659,民生加银质量领先混合型证券投资基金A类,2026-03-31,中际旭创,300308.SZ,0.0213,24029102.0,通信,通信设备
010659,民生加银质量领先混合型证券投资基金A类,2026-03-31,新易盛,300502.SZ,0.0209,23603372.0,通信,通信设备
010659,民生加银质量领先混合型证券投资基金A类,2026-03-31,德科立,688205.SH,0.0193,21804000.0,通信,通信设备
010659,民生加银质量领先混合型证券投资基金A类,2026-03-31,森松国际,02155.HK,0.0165,18583801.83,--,--
010659,民生加银质量领先混合型证券投资基金A类,2026-03-31,大金重工,002487.SZ,0.0147,16637390.0,电力设备,风电设备
010659,民生加银质量领先混合型证券投资基金A类,2026-03-31,阳光电源,300274.SZ,0.0137,15498128.0,电力设备,光伏设备
010659,民生加银质量领先混合型证券投资基金A类,2026-03-31,思源电气,002028.SZ,0.0134,15150000.0,电力设备,电网设备
010659,民生加银质量领先混合型证券投资基金A类,2026-03-31,隆基绿能,601012.SH,0.0133,14963374.0,电力设备,光伏设备
010659,民生加银质量领先混合型证券投资基金A类,2026-03-31,飞沃科技,301232.SZ,0.0131,14748930.0,电力设备,风电设备
010659,民生加银质量领先混合型证券投资基金A类,2026-03-31,万国黄金集团,03939.HK,0.0129,14609908.77,--,--
sz159392,航空ETF富国,--,万丰奥威,002085,,,--,--
sz159392,航空ETF富国,--,天银机电,300342,,,--,--
sz159392,航空ETF富国,--,洪都航空,600316,,,--,--
sz159392,航空ETF富国,--,航天彩虹,002389,,,--,--
sz159392,航空ETF富国,--,中直股份,600038,,,--,--
sz159392,航空ETF富国,--,中国卫星,600118,,,--,--
sz159392,航空ETF富国,--,航天电子,600879,,,--,--
sz159392,航空ETF富国,--,中无人机,688297,,,--,--
sz159392,航空ETF富国,--,华力创通,300045,,,--,--
sz159392,航空ETF富国,--,应流股份,603308,,,--,--
sz166001,中欧趋势LOF,--,万华化学,600309.SH,0.095,461465859.75,基础化工,化学制品
sz166001,中欧趋势LOF,--,中际旭创,300308.SZ,0.07,340040263.8,通信,通信设备
sz166001,中欧趋势LOF,--,云铝股份,000807.SZ,0.0657,319273836.0,有色金属,工业金属
sz166001,中欧趋势LOF,--,中国平安,601318.SH,0.0642,311984921.06,非银金融,保险Ⅱ
sz166001,中欧趋势LOF,--,药明康德,603259.SH,0.0501,243268380.0,医药生物,医疗服务
sz166001,中欧趋势LOF,--,亨通光电,600487.SH,0.049,238023200.0,通信,通信设备
sz166001,中欧趋势LOF,--,神火股份,000933.SZ,0.0419,203282217.6,有色金属,工业金属
sz166001,中欧趋势LOF,--,华鲁恒升,600426.SH,0.0399,193912648.6,基础化工,农化制品
sz166001,中欧趋势LOF,--,兴业银锡,000426.SZ,0.0324,157109616.32,有色金属,工业金属
sz166001,中欧趋势LOF,--,中国铝业,601600.SH,0.0323,156628020.0,有色金属,工业金属
sz166001,中欧趋势LOF,--,万华化学,600309,,,--,--
sz166001,中欧趋势LOF,--,中际旭创,300308,,,--,--
sz166001,中欧趋势LOF,--,云铝股份,000807,,,--,--
sz166001,中欧趋势LOF,--,中国平安,601318,,,--,--
sz166001,中欧趋势LOF,--,药明康德,603259,,,--,--
sz166001,中欧趋势LOF,--,亨通光电,600487,,,--,--
sz166001,中欧趋势LOF,--,神火股份,000933,,,--,--
sz166001,中欧趋势LOF,--,华鲁恒升,600426,,,--,--
sz166001,中欧趋势LOF,--,兴业银锡,000426,,,--,--
sz166001,中欧趋势LOF,--,中国铝业,601600,,,--,--
017503,达诚致益债券型发起式证券投资基金A类,2026-03-31,思泉新材,301489.SZ,0.0059,98928.0,电子,电子化学品Ⅱ
017503,达诚致益债券型发起式证券投资基金A类,2026-03-31,大族数控,301200.SZ,0.0058,97320.0,机械设备,专用设备
017503,达诚致益债券型发起式证券投资基金A类,2026-03-31,长川科技,300604.SZ,0.0051,84735.0,电子,半导体
017503,达诚致益债券型发起式证券投资基金A类,2026-03-31,东山精密,002384.SZ,0.0049,82640.0,电子,元件
017503,达诚致益债券型发起式证券投资基金A类,2026-03-31,润泽科技,300442.SZ,0.0048,80800.0,通信,通信服务
017503,达诚致益债券型发起式证券投资基金A类,2026-03-31,中材国际,600970.SH,0.0048,80574.0,建筑装饰,专业工程
017503,达诚致益债券型发起式证券投资基金A类,2026-03-31,兖矿能源,600188.SH,0.0046,77400.0,煤炭,煤炭开采
017503,达诚致益债券型发起式证券投资基金A类,2026-03-31,工业富联,601138.SH,0.004,66898.0,电子,消费电子
017503,达诚致益债券型发起式证券投资基金A类,2026-03-31,菲利华,300395.SZ,0.0038,63980.0,国防军工,航空装备Ⅱ
017503,达诚致益债券型发起式证券投资基金A类,2026-03-31,振华股份,603067.SH,0.0037,62760.0,基础化工,化学原料
016912,恒越均衡优选混合型发起式证券投资基金A类,2025-09-30,冠盛股份,605088.SH,0.0194,520000.0,汽车,汽车零部件
016912,恒越均衡优选混合型发起式证券投资基金A类,2025-09-30,四川九洲,000801.SZ,0.0185,495690.0,家用电器,黑色家电
016912,恒越均衡优选混合型发起式证券投资基金A类,2025-09-30,迈富时,02556.HK,0.0184,492752.0,--,--
016912,恒越均衡优选混合型发起式证券投资基金A类,2025-09-30,中邮科技,688648.SH,0.0184,493710.0,机械设备,专用设备
016912,恒越均衡优选混合型发起式证券投资基金A类,2025-09-30,金晶科技,600586.SH,0.0167,448200.0,建筑材料,玻璃玻纤
016912,恒越均衡优选混合型发起式证券投资基金A类,2025-09-30,焦点科技,002315.SZ,0.0159,425480.0,商贸零售,互联网电商
016912,恒越均衡优选混合型发起式证券投资基金A类,2025-09-30,光线传媒,300251.SZ,0.0159,426140.0,传媒,影视院线
016912,恒越均衡优选混合型发起式证券投资基金A类,2025-09-30,紫金矿业,601899.SH,0.0143,382720.0,有色金属,工业金属
016912,恒越均衡优选混合型发起式证券投资基金A类,2025-09-30,万通发展,600246.SH,0.0142,379130.0,房地产,房地产开发
016912,恒越均衡优选混合型发起式证券投资基金A类,2025-09-30,富士达,920640.BJ,0.014,373750.0,通信,通信设备
001146,中欧瑾源灵活配置混合型证券投资基金A类,2026-03-31,海天味业,603288.SH,0.0386,4858500.0,食品饮料,调味发酵品Ⅱ
001146,中欧瑾源灵活配置混合型证券投资基金A类,2026-03-31,宝钢股份,600019.SH,0.037,4652378.0,钢铁,普钢
001146,中欧瑾源灵活配置混合型证券投资基金A类,2026-03-31,贵州轮胎,000589.SZ,0.0355,4468464.0,汽车,汽车零部件
001146,中欧瑾源灵活配置混合型证券投资基金A类,2026-03-31,创维数字,000810.SZ,0.0344,4332641.07,家用电器,黑色家电
001146,中欧瑾源灵活配置混合型证券投资基金A类,2026-03-31,山西焦化,600740.SH,0.0343,4321802.38,煤炭,焦炭Ⅱ
001146,中欧瑾源灵活配置混合型证券投资基金A类,2026-03-31,河钢股份,000709.SZ,0.0339,4266463.0,钢铁,普钢
001146,中欧瑾源灵活配置混合型证券投资基金A类,2026-03-31,中科蓝讯,688332.SH,0.0329,4133299.6,电子,半导体
001146,中欧瑾源灵活配置混合型证券投资基金A类,2026-03-31,新兴铸管,000778.SZ,0.0323,4060518.0,钢铁,普钢
001146,中欧瑾源灵活配置混合型证券投资基金A类,2026-03-31,盈趣科技,002925.SZ,0.0321,4037046.0,电子,消费电子
001146,中欧瑾源灵活配置混合型证券投资基金A类,2026-03-31,仙鹤股份,603733.SH,0.0316,3982257.0,轻工制造,造纸
sh560750,A500ETF申万菱信,--,宁德时代,300750.SZ,0.037,6628050.0,电力设备,电池
sh560750,A500ETF申万菱信,--,贵州茅台,600519.SH,0.0316,5655000.0,食品饮料,白酒Ⅱ
sh560750,A500ETF申万菱信,--,中际旭创,300308.SZ,0.0216,3871988.0,通信,通信设备
sh560750,A500ETF申万菱信,--,中国平安,601318.SH,0.0212,3804260.0,非银金融,保险Ⅱ
sh560750,A500ETF申万菱信,--,紫金矿业,601899.SH,0.0189,3383248.0,有色金属,工业金属
sh560750,A500ETF申万菱信,--,招商银行,600036.SH,0.017,3051232.0,银行,股份制银行Ⅱ
sh560750,A500ETF申万菱信,--,新易盛,300502.SZ,0.0157,2816462.4,通信,通信设备
sh560750,A500ETF申万菱信,--,美的集团,000333.SZ,0.0131,2351580.0,家用电器,白色家电
sh560750,A500ETF申万菱信,--,长江电力,600900.SH,0.0116,2071264.0,公用事业,电力
sh560750,A500ETF申万菱信,--,兴业银行,601166.SH,0.0112,1998495.8,银行,股份制银行Ⅱ
sh560750,A500ETF申万菱信,--,宁德时代,300750,,,--,--
sh560750,A500ETF申万菱信,--,贵州茅台,600519,,,--,--
sh560750,A500ETF申万菱信,--,中际旭创,300308,,,--,--
sh560750,A500ETF申万菱信,--,中国平安,601318,,,--,--
sh560750,A500ETF申万菱信,--,紫金矿业,601899,,,--,--
sh560750,A500ETF申万菱信,--,招商银行,600036,,,--,--
sh560750,A500ETF申万菱信,--,新易盛,300502,,,--,--
sh560750,A500ETF申万菱信,--,美的集团,000333,,,--,--
sh560750,A500ETF申万菱信,--,长江电力,600900,,,--,--
sh560750,A500ETF申万菱信,--,兴业银行,601166,,,--,--
012126,宏利新能源股票型证券投资基金A类,2026-03-31,宁德时代,300750.SZ,0.0915,39286260.0,电力设备,电池
012126,宏利新能源股票型证券投资基金A类,2026-03-31,德业股份,605117.SH,0.0564,24214932.0,电力设备,光伏设备
012126,宏利新能源股票型证券投资基金A类,2026-03-31,阳光电源,300274.SZ,0.0555,23850232.0,电力设备,光伏设备
012126,宏利新能源股票型证券投资基金A类,2026-03-31,永兴材料,002756.SZ,0.0541,23239092.0,有色金属,能源金属
012126,宏利新能源股票型证券投资基金A类,2026-03-31,大中矿业,001203.SZ,0.0462,19817259.0,钢铁,冶钢原料
012126,宏利新能源股票型证券投资基金A类,2026-03-31,锦浪科技,300763.SZ,0.0454,19480500.0,电力设备,光伏设备
012126,宏利新能源股票型证券投资基金A类,2026-03-31,大金重工,002487.SZ,0.0447,19181440.0,电力设备,风电设备
012126,宏利新能源股票型证券投资基金A类,2026-03-31,艾罗能源,688717.SH,0.0411,17664660.0,电力设备,光伏设备
012126,宏利新能源股票型证券投资基金A类,2026-03-31,佛塑科技,000973.SZ,0.0381,16373010.0,基础化工,塑料
012126,宏利新能源股票型证券投资基金A类,2026-03-31,嘉元科技,688388.SH,0.0355,15262441.56,电力设备,电池
240011,华宝大盘精选混合型证券投资基金,2026-03-31,新易盛,300502.SZ,0.0983,62626432.8,通信,通信设备
240011,华宝大盘精选混合型证券投资基金,2026-03-31,宁德时代,300750.SZ,0.097,61781460.0,电力设备,电池
240011,华宝大盘精选混合型证券投资基金,2026-03-31,工业富联,601138.SH,0.0937,59693805.84,电子,消费电子
240011,华宝大盘精选混合型证券投资基金,2026-03-31,新产业,300832.SZ,0.0934,59481132.83,医药生物,医疗器械
240011,华宝大盘精选混合型证券投资基金,2026-03-31,中际旭创,300308.SZ,0.0933,59446404.0,通信,通信设备
240011,华宝大盘精选混合型证券投资基金,2026-03-31,杰瑞股份,002353.SZ,0.0927,59060100.0,机械设备,专用设备
240011,华宝大盘精选混合型证券投资基金,2026-03-31,沪电股份,002463.SZ,0.0611,38911834.0,电子,元件
240011,华宝大盘精选混合型证券投资基金,2026-03-31,亿纬锂能,300014.SZ,0.046,29310330.0,电力设备,电池
240011,华宝大盘精选混合型证券投资基金,2026-03-31,剑桥科技,603083.SH,0.0425,27066240.0,通信,通信设备
240011,华宝大盘精选混合型证券投资基金,2026-03-31,生益科技,600183.SH,0.0423,26954775.32,电子,元件
020553,南方半导体产业股票型发起式证券投资基金A类,2026-03-31,拓荆科技,688072.SH,0.0977,32229590.0,电子,半导体
020553,南方半导体产业股票型发起式证券投资基金A类,2026-03-31,福光股份,688010.SH,0.091,30007477.13,电子,光学光电子
020553,南方半导体产业股票型发起式证券投资基金A类,2026-03-31,奥普光电,002338.SZ,0.0887,29237960.0,国防军工,军工电子Ⅱ
020553,南方半导体产业股票型发起式证券投资基金A类,2026-03-31,茂莱光学,688502.SH,0.0884,29130933.24,电子,光学光电子
020553,南方半导体产业股票型发起式证券投资基金A类,2026-03-31,波长光电,301421.SZ,0.0839,27654884.3,电子,光学光电子
020553,南方半导体产业股票型发起式证券投资基金A类,2026-03-31,汇成真空,301392.SZ,0.0763,25165944.0,机械设备,专用设备
020553,南方半导体产业股票型发起式证券投资基金A类,2026-03-31,先导基电,600641.SH,0.0652,21504600.0,房地产,房地产开发
020553,南方半导体产业股票型发起式证券投资基金A类,2026-03-31,中润光学,688307.SH,0.0638,21051116.5,计算机,计算机设备
020553,南方半导体产业股票型发起式证券投资基金A类,2026-03-31,芯源微,688037.SH,0.063,20762359.6,电子,半导体
020553,南方半导体产业股票型发起式证券投资基金A类,2026-03-31,恒运昌,688785.SH,0.0578,19068030.83,电子,半导体
010761,华商甄选回报混合型证券投资基金A类,2026-03-31,环旭电子,601231.SH,0.0951,431913537.0,电子,消费电子
010761,华商甄选回报混合型证券投资基金A类,2026-03-31,太平洋航运,02343.HK,0.0657,298581497.64,--,--
010761,华商甄选回报混合型证券投资基金A类,2026-03-31,ASMPT,00522.HK,0.0502,228170455.64,--,--
010761,华商甄选回报混合型证券投资基金A类,2026-03-31,中国石油,601857.SH,0.0412,187191529.45,石油石化,炼化及贸易
010761,华商甄选回报混合型证券投资基金A类,2026-03-31,富智康集团,02038.HK,0.0398,180942420.79,--,--
010761,华商甄选回报混合型证券投资基金A类,2026-03-31,彩虹股份,600707.SH,0.0361,164135257.0,电子,光学光电子
010761,华商甄选回报混合型证券投资基金A类,2026-03-31,金山云,03896.HK,0.0349,158571815.94,--,--
010761,华商甄选回报混合型证券投资基金A类,2026-03-31,阿里巴巴-W,09988.HK,0.0312,141566638.65,--,--
010761,华商甄选回报混合型证券投资基金A类,2026-03-31,微创医疗,00853.HK,0.0309,140224606.64,--,--
010761,华商甄选回报混合型证券投资基金A类,2026-03-31,中国海洋石油,00883.HK,0.0279,126875592.08,--,--
010761,华商甄选回报混合型证券投资基金A类,2026-03-31,中国石油股份,00857.HK,0.0029,13155513.53,--,--
000894,中欧睿达6个月持有期混合型证券投资基金A类,2026-03-31,千方科技,002373.SZ,0.0028,693825.0,计算机,IT服务Ⅱ
000894,中欧睿达6个月持有期混合型证券投资基金A类,2026-03-31,中直股份,600038.SH,0.0024,587424.0,国防军工,航空装备Ⅱ
000894,中欧睿达6个月持有期混合型证券投资基金A类,2026-03-31,创维数字,000810.SZ,0.0023,556337.0,家用电器,黑色家电
000894,中欧睿达6个月持有期混合型证券投资基金A类,2026-03-31,小商品城,600415.SH,0.0022,531834.0,商贸零售,一般零售
000894,中欧睿达6个月持有期混合型证券投资基金A类,2026-03-31,山东出版,601019.SH,0.0022,544680.0,传媒,出版
000894,中欧睿达6个月持有期混合型证券投资基金A类,2026-03-31,海天味业,603288.SH,0.0022,549400.0,食品饮料,调味发酵品Ⅱ
000894,中欧睿达6个月持有期混合型证券投资基金A类,2026-03-31,新兴铸管,000778.SZ,0.0021,525294.0,钢铁,普钢
000894,中欧睿达6个月持有期混合型证券投资基金A类,2026-03-31,盘江股份,600395.SH,0.0021,514269.0,煤炭,煤炭开采
000894,中欧睿达6个月持有期混合型证券投资基金A类,2026-03-31,五矿新能,688779.SH,0.0021,525444.75,电力设备,电池
000894,中欧睿达6个月持有期混合型证券投资基金A类,2026-03-31,盈趣科技,002925.SZ,0.002,495378.0,电子,消费电子
010322,摩根士丹利新兴产业股票型证券投资基金,2026-03-31,寒武纪,688256.SH,0.0572,5577542.0,电子,半导体
010322,摩根士丹利新兴产业股票型证券投资基金,2026-03-31,恒立液压,601100.SH,0.0562,5472000.0,机械设备,工程机械
010322,摩根士丹利新兴产业股票型证券投资基金,2026-03-31,宁德时代,300750.SZ,0.0478,4659720.0,电力设备,电池
010322,摩根士丹利新兴产业股票型证券投资基金,2026-03-31,蓝思科技,300433.SZ,0.0457,4453492.66,电子,消费电子
010322,摩根士丹利新兴产业股票型证券投资基金,2026-03-31,拓普集团,601689.SH,0.0372,3625544.0,汽车,汽车零部件
010322,摩根士丹利新兴产业股票型证券投资基金,2026-03-31,北方华创,002371.SZ,0.0302,2943495.0,电子,半导体
010322,摩根士丹利新兴产业股票型证券投资基金,2026-03-31,科达利,002850.SZ,0.0301,2935600.0,电力设备,电池
010322,摩根士丹利新兴产业股票型证券投资基金,2026-03-31,隆盛科技,300680.SZ,0.0286,2782470.0,汽车,汽车零部件
010322,摩根士丹利新兴产业股票型证券投资基金,2026-03-31,信维通信,300136.SZ,0.0271,2637376.0,电子,消费电子
010322,摩根士丹利新兴产业股票型证券投资基金,2026-03-31,ST臻镭,688270.SH,0.0269,2618095.0,电子,半导体
020853,大成中证芯片产业指数型发起式证券投资基金A类,2026-03-31,海光信息,688041.SH,0.0727,17825842.8,电子,半导体
020853,大成中证芯片产业指数型发起式证券投资基金A类,2026-03-31,北方华创,002371.SZ,0.072,17658735.0,电子,半导体
020853,大成中证芯片产业指数型发起式证券投资基金A类,2026-03-31,中芯国际,688981.SH,0.07,17152839.0,电子,半导体
020853,大成中证芯片产业指数型发起式证券投资基金A类,2026-03-31,寒武纪,688256.SH,0.0683,16734592.0,电子,半导体
020853,大成中证芯片产业指数型发起式证券投资基金A类,2026-03-31,兆易创新,603986.SH,0.0591,14500290.0,电子,半导体
020853,大成中证芯片产业指数型发起式证券投资基金A类,2026-03-31,澜起科技,688008.SH,0.0534,13089254.4,电子,半导体
020853,大成中证芯片产业指数型发起式证券投资基金A类,2026-03-31,中微公司,688012.SH,0.05,12268067.96,电子,半导体
020853,大成中证芯片产业指数型发起式证券投资基金A类,2026-03-31,豪威集团,603501.SH,0.0299,7330912.0,电子,半导体
020853,大成中证芯片产业指数型发起式证券投资基金A类,2026-03-31,芯原股份,688521.SH,0.0277,6798696.1,电子,半导体
020853,大成中证芯片产业指数型发起式证券投资基金A类,2026-03-31,佰维存储,688525.SH,0.0258,6314970.11,电子,半导体
005067,融通逆向策略灵活配置混合型证券投资基金A类,2026-03-31,卫星化学,002648.SZ,0.1025,861744.0,基础化工,化学原料
005067,融通逆向策略灵活配置混合型证券投资基金A类,2026-03-31,华鲁恒升,600426.SH,0.0844,709520.0,基础化工,农化制品
005067,融通逆向策略灵活配置混合型证券投资基金A类,2026-03-31,江山股份,600389.SH,0.0597,502219.0,基础化工,农化制品
005067,融通逆向策略灵活配置混合型证券投资基金A类,2026-03-31,温氏股份,300498.SZ,0.0583,490290.0,农林牧渔,养殖业
005067,融通逆向策略灵活配置混合型证券投资基金A类,2026-03-31,万华化学,600309.SH,0.0548,460810.0,基础化工,化学制品
005067,融通逆向策略灵活配置混合型证券投资基金A类,2026-03-31,中国石油,601857.SH,0.0503,422993.0,石油石化,炼化及贸易
005067,融通逆向策略灵活配置混合型证券投资基金A类,2026-03-31,中国海油,600938.SH,0.049,412000.0,石油石化,油气开采Ⅱ
005067,融通逆向策略灵活配置混合型证券投资基金A类,2026-03-31,新和成,002001.SZ,0.0481,404235.0,基础化工,化学制品
005067,融通逆向策略灵活配置混合型证券投资基金A类,2026-03-31,中国铝业,601600.SH,0.0473,397860.0,有色金属,工业金属
005067,融通逆向策略灵活配置混合型证券投资基金A类,2026-03-31,三一重工,600031.SH,0.0356,299832.0,机械设备,工程机械
017991,华泰柏瑞致远混合型证券投资基金A类,2026-03-31,招金矿业,01818.HK,0.092,120506781.9,--,--
017991,华泰柏瑞致远混合型证券投资基金A类,2026-03-31,中金黄金,600489.SH,0.0898,117524000.0,有色金属,贵金属
017991,华泰柏瑞致远混合型证券投资基金A类,2026-03-31,紫金矿业,601899.SH,0.08,104704000.0,有色金属,工业金属
017991,华泰柏瑞致远混合型证券投资基金A类,2026-03-31,山东黄金,01787.HK,0.0763,99941110.5,--,--
017991,华泰柏瑞致远混合型证券投资基金A类,2026-03-31,紫金黄金国际,02259.HK,0.0528,69174717.75,--,--
017991,华泰柏瑞致远混合型证券投资基金A类,2026-03-31,山金国际,000975.SZ,0.0453,59360000.0,有色金属,贵金属
017991,华泰柏瑞致远混合型证券投资基金A类,2026-03-31,灵宝黄金,03330.HK,0.0452,59228286.0,--,--
017991,华泰柏瑞致远混合型证券投资基金A类,2026-03-31,万国黄金集团,03939.HK,0.0418,54749963.6,--,--
017991,华泰柏瑞致远混合型证券投资基金A类,2026-03-31,招金黄金,000506.SZ,0.0389,50880000.0,有色金属,贵金属
017991,华泰柏瑞致远混合型证券投资基金A类,2026-03-31,恒邦股份,002237.SZ,0.0341,44700000.0,有色金属,贵金属
017991,华泰柏瑞致远混合型证券投资基金A类,2026-03-31,山东黄金,600547.SH,0.0246,32200000.0,有色金属,贵金属
019270,财通中证1000指数增强型证券投资基金A类,2026-03-31,通行宝,301339.SZ,0.0124,427389.0,计算机,计算机设备
019270,财通中证1000指数增强型证券投资基金A类,2026-03-31,雅化集团,002497.SZ,0.0095,327120.0,基础化工,化学制品
019270,财通中证1000指数增强型证券投资基金A类,2026-03-31,中科江南,301153.SZ,0.009,310500.0,计算机,软件开发
019270,财通中证1000指数增强型证券投资基金A类,2026-03-31,芯碁微装,688630.SH,0.009,309440.0,机械设备,专用设备
019270,财通中证1000指数增强型证券投资基金A类,2026-03-31,科士达,002518.SZ,0.0089,306680.0,电力设备,其他电源设备Ⅱ
019270,财通中证1000指数增强型证券投资基金A类,2026-03-31,德明利,001309.SZ,0.0088,304080.0,电子,半导体
019270,财通中证1000指数增强型证券投资基金A类,2026-03-31,裕太微,688515.SH,0.0088,303394.0,电子,半导体
019270,财通中证1000指数增强型证券投资基金A类,2026-03-31,创维数字,000810.SZ,0.0087,300575.0,家用电器,黑色家电
019270,财通中证1000指数增强型证券投资基金A类,2026-03-31,新雷能,300593.SZ,0.0087,300168.0,电力设备,其他电源设备Ⅱ
019270,财通中证1000指数增强型证券投资基金A类,2026-03-31,上海电影,601595.SH,0.0087,300510.0,传媒,影视院线
501063,汇添富悦享两年持有期混合型证券投资基金,2026-03-31,格力电器,000651.SZ,0.0955,4538400.0,家用电器,白色家电
501063,汇添富悦享两年持有期混合型证券投资基金,2026-03-31,海尔智家,600690.SH,0.09,4276000.0,家用电器,白色家电
501063,汇添富悦享两年持有期混合型证券投资基金,2026-03-31,宁德时代,300750.SZ,0.0846,4017000.0,电力设备,电池
501063,汇添富悦享两年持有期混合型证券投资基金,2026-03-31,紫金矿业,601899.SH,0.0551,2617600.0,有色金属,工业金属
501063,汇添富悦享两年持有期混合型证券投资基金,2026-03-31,阿里巴巴-W,09988.HK,0.0509,2416634.15,--,--
501063,汇添富悦享两年持有期混合型证券投资基金,2026-03-31,招商银行,600036.SH,0.0414,1966000.0,银行,股份制银行Ⅱ
501063,汇添富悦享两年持有期混合型证券投资基金,2026-03-31,美的集团,000333.SZ,0.036,1710240.0,家用电器,白色家电
501063,汇添富悦享两年持有期混合型证券投资基金,2026-03-31,紫金矿业,02899.HK,0.0319,1516908.1,--,--
501063,汇添富悦享两年持有期混合型证券投资基金,2026-03-31,中国黄金国际,02099.HK,0.0309,1468522.44,--,--
501063,汇添富悦享两年持有期混合型证券投资基金,2026-03-31,金诚信,603979.SH,0.0239,1136600.0,有色金属,工业金属
501063,汇添富悦享两年持有期混合型证券投资基金,2026-03-31,扬农化工,600486.SH,0.0237,1124175.0,基础化工,农化制品
sh516670,畜牧养殖ETF招商,--,温氏股份,300498.SZ,0.1009,134713360.14,农林牧渔,养殖业
sh516670,畜牧养殖ETF招商,--,海大集团,002311.SZ,0.0947,126372951.0,农林牧渔,饲料
sh516670,畜牧养殖ETF招商,--,牧原股份,002714.SZ,0.0893,119223905.71,农林牧渔,养殖业
sh516670,畜牧养殖ETF招商,--,正邦科技,002157.SZ,0.0773,103221072.0,农林牧渔,养殖业
sh516670,畜牧养殖ETF招商,--,梅花生物,600873.SH,0.0772,103083937.8,基础化工,化学制品
sh516670,畜牧养殖ETF招商,--,新希望,000876.SZ,0.0634,84691240.0,农林牧渔,养殖业
sh516670,畜牧养殖ETF招商,--,生物股份,600201.SH,0.055,73478966.4,农林牧渔,动物保健Ⅱ
sh516670,畜牧养殖ETF招商,--,大北农,002385.SZ,0.0468,62517708.0,农林牧渔,饲料
sh516670,畜牧养殖ETF招商,--,圣农发展,002299.SZ,0.0378,50432610.0,农林牧渔,养殖业
sh516670,畜牧养殖ETF招商,--,立华股份,300761.SZ,0.0284,37919588.0,农林牧渔,养殖业
sh516670,畜牧养殖ETF招商,--,温氏股份,300498,,,--,--
sh516670,畜牧养殖ETF招商,--,海大集团,002311,,,--,--
sh516670,畜牧养殖ETF招商,--,牧原股份,002714,,,--,--
sh516670,畜牧养殖ETF招商,--,正邦科技,002157,,,--,--
sh516670,畜牧养殖ETF招商,--,梅花生物,600873,,,--,--
sh516670,畜牧养殖ETF招商,--,新 希 望,000876,,,--,--
sh516670,畜牧养殖ETF招商,--,生物股份,600201,,,--,--
sh516670,畜牧养殖ETF招商,--,大北农,002385,,,--,--
sh516670,畜牧养殖ETF招商,--,圣农发展,002299,,,--,--
sh516670,畜牧养殖ETF招商,--,立华股份,300761,,,--,--
000417,国联安新精选灵活配置混合型证券投资基金A类,2026-03-31,牧原股份,002714.SZ,0.0592,1593322.0,农林牧渔,养殖业
000417,国联安新精选灵活配置混合型证券投资基金A类,2026-03-31,陕西煤业,601225.SH,0.0333,895650.0,煤炭,煤炭开采
000417,国联安新精选灵活配置混合型证券投资基金A类,2026-03-31,保利发展,600048.SH,0.0224,602952.0,房地产,房地产开发
000417,国联安新精选灵活配置混合型证券投资基金A类,2026-03-31,中国石化,600028.SH,0.0219,588000.0,石油石化,炼化及贸易
000417,国联安新精选灵活配置混合型证券投资基金A类,2026-03-31,东方财富,300059.SZ,0.0211,566700.0,非银金融,证券Ⅱ
000417,国联安新精选灵活配置混合型证券投资基金A类,2026-03-31,隆基绿能,601012.SH,0.0201,541986.0,电力设备,光伏设备
000417,国联安新精选灵活配置混合型证券投资基金A类,2026-03-31,中国中免,601888.SH,0.0196,527850.0,商贸零售,旅游零售Ⅱ
000417,国联安新精选灵活配置混合型证券投资基金A类,2026-03-31,国电电力,600795.SH,0.018,484000.0,公用事业,电力
000417,国联安新精选灵活配置混合型证券投资基金A类,2026-03-31,中国移动,600941.SH,0.0174,468950.0,通信,通信服务
000417,国联安新精选灵活配置混合型证券投资基金A类,2026-03-31,中国电信,601728.SH,0.0169,453600.0,通信,通信服务
519170,浦银安盛增长动力灵活配置混合型证券投资基金A类,2026-03-31,联测科技,688113.SH,0.0066,4513547.55,机械设备,专用设备
519170,浦银安盛增长动力灵活配置混合型证券投资基金A类,2026-03-31,艾隆科技,688329.SH,0.0065,4411798.35,机械设备,自动化设备
519170,浦银安盛增长动力灵活配置混合型证券投资基金A类,2026-03-31,宁波联合,600051.SH,0.0062,4185012.0,综合,综合Ⅱ
519170,浦银安盛增长动力灵活配置混合型证券投资基金A类,2026-03-31,中材节能,603126.SH,0.0061,4129488.0,环保,环保设备Ⅱ
519170,浦银安盛增长动力灵活配置混合型证券投资基金A类,2026-03-31,研奥股份,300923.SZ,0.006,4051202.0,机械设备,轨交设备Ⅱ
519170,浦银安盛增长动力灵活配置混合型证券投资基金A类,2026-03-31,乔治白,002687.SZ,0.0058,3966930.0,纺织服饰,服装家纺
519170,浦银安盛增长动力灵活配置混合型证券投资基金A类,2026-03-31,喜悦智行,301198.SZ,0.0058,3945228.0,轻工制造,包装印刷
519170,浦银安盛增长动力灵活配置混合型证券投资基金A类,2026-03-31,亚光股份,603282.SH,0.0058,3932110.0,环保,环保设备Ⅱ
519170,浦银安盛增长动力灵活配置混合型证券投资基金A类,2026-03-31,通达电气,603390.SH,0.0058,3974355.0,汽车,汽车零部件
519170,浦银安盛增长动力灵活配置混合型证券投资基金A类,2026-03-31,必易微,688045.SH,0.0058,3942005.76,电子,半导体
202105,南方广利回报债券型证券投资基金A/B类,2026-03-31,海光信息,688041.SH,0.0152,224486191.6,电子,半导体
202105,南方广利回报债券型证券投资基金A/B类,2026-03-31,富创精密,688409.SH,0.0148,218337347.8,电子,半导体
202105,南方广利回报债券型证券投资基金A/B类,2026-03-31,阳光电源,300274.SZ,0.0144,212927393.6,电力设备,光伏设备
202105,南方广利回报债券型证券投资基金A/B类,2026-03-31,长川科技,300604.SZ,0.0111,164370889.8,电子,半导体
202105,南方广利回报债券型证券投资基金A/B类,2026-03-31,拓荆科技,688072.SH,0.0111,164030990.0,电子,半导体
202105,南方广利回报债券型证券投资基金A/B类,2026-03-31,思泉新材,301489.SZ,0.0109,160524859.68,电子,电子化学品Ⅱ
202105,南方广利回报债券型证券投资基金A/B类,2026-03-31,恒立液压,601100.SH,0.0106,156297600.0,机械设备,工程机械
202105,南方广利回报债券型证券投资基金A/B类,2026-03-31,澜起科技,688008.SH,0.0101,148892148.0,电子,半导体
202105,南方广利回报债券型证券投资基金A/B类,2026-03-31,兆易创新,603986.SH,0.01,147011035.4,电子,半导体
202105,南方广利回报债券型证券投资基金A/B类,2026-03-31,中科飞测,688361.SH,0.0094,138736045.85,电子,半导体
020015,国泰区位优势混合型证券投资基金A类,2026-03-31,安井食品,603345.SH,0.0897,20294122.08,食品饮料,食品加工
020015,国泰区位优势混合型证券投资基金A类,2026-03-31,比音勒芬,002832.SZ,0.0856,19374806.72,纺织服饰,服装家纺
020015,国泰区位优势混合型证券投资基金A类,2026-03-31,裕同科技,002831.SZ,0.0803,18167270.0,轻工制造,包装印刷
020015,国泰区位优势混合型证券投资基金A类,2026-03-31,宁德时代,300750.SZ,0.0802,18156840.0,电力设备,电池
020015,国泰区位优势混合型证券投资基金A类,2026-03-31,阳光电源,300274.SZ,0.0705,15965484.0,电力设备,光伏设备
020015,国泰区位优势混合型证券投资基金A类,2026-03-31,恒力石化,600346.SH,0.0503,11390065.0,石油石化,炼化及贸易
020015,国泰区位优势混合型证券投资基金A类,2026-03-31,中顺洁柔,002511.SZ,0.0413,9350127.0,美容护理,个护用品
020015,国泰区位优势混合型证券投资基金A类,2026-03-31,九号公司,689009.SH,0.0386,8726861.22,汽车,摩托车及其他
020015,国泰区位优势混合型证券投资基金A类,2026-03-31,健盛集团,603558.SH,0.0331,7487548.0,纺织服饰,纺织制造
020015,国泰区位优势混合型证券投资基金A类,2026-03-31,百亚股份,003006.SZ,0.0329,7443045.0,美容护理,个护用品
005805,华泰柏瑞医疗健康混合型证券投资基金A类,2026-03-31,药明康德,603259.SH,0.0907,34835310.0,医药生物,医疗服务
005805,华泰柏瑞医疗健康混合型证券投资基金A类,2026-03-31,泰格医药,300347.SZ,0.0739,28379176.0,医药生物,医疗服务
005805,华泰柏瑞医疗健康混合型证券投资基金A类,2026-03-31,百奥赛图-B,02315.HK,0.072,27661145.9,--,--
005805,华泰柏瑞医疗健康混合型证券投资基金A类,2026-03-31,益诺思,688710.SH,0.0507,19482684.0,医药生物,医疗服务
005805,华泰柏瑞医疗健康混合型证券投资基金A类,2026-03-31,信立泰,002294.SZ,0.0466,17914782.0,医药生物,化学制药
005805,华泰柏瑞医疗健康混合型证券投资基金A类,2026-03-31,药明生物,02269.HK,0.0413,15845747.39,--,--
005805,华泰柏瑞医疗健康混合型证券投资基金A类,2026-03-31,药明合联,02268.HK,0.0381,14621288.05,--,--
005805,华泰柏瑞医疗健康混合型证券投资基金A类,2026-03-31,凯莱英,002821.SZ,0.0321,12339778.0,医药生物,医疗服务
005805,华泰柏瑞医疗健康混合型证券投资基金A类,2026-03-31,凯莱英,06821.HK,0.0312,11979953.9,--,--
005805,华泰柏瑞医疗健康混合型证券投资基金A类,2026-03-31,昭衍新药,603127.SH,0.029,11128132.8,医药生物,医疗服务
005805,华泰柏瑞医疗健康混合型证券投资基金A类,2026-03-31,康龙化成,300759.SZ,0.0263,10103578.0,医药生物,医疗服务
005805,华泰柏瑞医疗健康混合型证券投资基金A类,2026-03-31,昭衍新药,06127.HK,0.0239,9196312.75,--,--
005805,华泰柏瑞医疗健康混合型证券投资基金A类,2026-03-31,百奥赛图,688796.SH,0.0217,8346657.68,医药生物,医疗服务
005805,华泰柏瑞医疗健康混合型证券投资基金A类,2026-03-31,泰格医药,03347.HK,0.0203,7797211.37,--,--
005805,华泰柏瑞医疗健康混合型证券投资基金A类,2026-03-31,康龙化成,03759.HK,0.0181,6955926.01,--,--
005805,华泰柏瑞医疗健康混合型证券投资基金A类,2026-03-31,药明康德,02359.HK,0.0102,3911247.76,--,--
011837,鹏扬中国优质成长混合型证券投资基金A类,2026-03-31,广钢气体,688548.SH,0.0675,27300594.25,电子,电子化学品Ⅱ
011837,鹏扬中国优质成长混合型证券投资基金A类,2026-03-31,思特威,688213.SH,0.0569,23010295.0,电子,半导体
011837,鹏扬中国优质成长混合型证券投资基金A类,2026-03-31,宁德时代,300750.SZ,0.0512,20704823.1,电力设备,电池
011837,鹏扬中国优质成长混合型证券投资基金A类,2026-03-31,腾讯控股,00700.HK,0.0477,19316120.56,--,--
011837,鹏扬中国优质成长混合型证券投资基金A类,2026-03-31,固生堂,02273.HK,0.035,14178287.49,--,--
011837,鹏扬中国优质成长混合型证券投资基金A类,2026-03-31,紫金矿业,601899.SH,0.0333,13487184.0,有色金属,工业金属
011837,鹏扬中国优质成长混合型证券投资基金A类,2026-03-31,恒瑞医药,600276.SH,0.0318,12860738.0,医药生物,化学制药
011837,鹏扬中国优质成长混合型证券投资基金A类,2026-03-31,中国平安,601318.SH,0.029,11730748.0,非银金融,保险Ⅱ
011837,鹏扬中国优质成长混合型证券投资基金A类,2026-03-31,蓝特光学,688127.SH,0.0263,10636473.29,电子,光学光电子
011837,鹏扬中国优质成长混合型证券投资基金A类,2026-03-31,云铝股份,000807.SZ,0.0256,10360200.0,有色金属,工业金属
519690,交银施罗德稳健配置混合型证券投资基金,2026-03-31,中控技术,688777.SH,0.0566,63541255.0,机械设备,自动化设备
519690,交银施罗德稳健配置混合型证券投资基金,2026-03-31,比亚迪,002594.SZ,0.0496,55687775.0,汽车,乘用车
519690,交银施罗德稳健配置混合型证券投资基金,2026-03-31,拓普集团,601689.SH,0.0436,49001360.0,汽车,汽车零部件
519690,交银施罗德稳健配置混合型证券投资基金,2026-03-31,三花智控,002050.SZ,0.0434,48675287.29,家用电器,家电零部件Ⅱ
519690,交银施罗德稳健配置混合型证券投资基金,2026-03-31,浙江荣泰,603119.SH,0.0387,43446583.64,汽车,汽车零部件
519690,交银施罗德稳健配置混合型证券投资基金,2026-03-31,天赐材料,002709.SZ,0.0359,40295586.0,电力设备,电池
519690,交银施罗德稳健配置混合型证券投资基金,2026-03-31,芯原股份,688521.SH,0.0349,39154355.8,电子,半导体
519690,交银施罗德稳健配置混合型证券投资基金,2026-03-31,三棵树,603737.SH,0.0334,37477541.4,建筑材料,装修建材
519690,交银施罗德稳健配置混合型证券投资基金,2026-03-31,迪哲医药,688192.SH,0.033,37002069.99,医药生物,化学制药
519690,交银施罗德稳健配置混合型证券投资基金,2026-03-31,索通发展,603612.SH,0.0319,35836624.46,基础化工,非金属材料Ⅱ
017146,永赢恒欣稳健养老目标三年持有期混合型基金中基金(FOF)A类,2026-03-31,思源电气,002028.SZ,0.0016,848400.0,电力设备,电网设备
017146,永赢恒欣稳健养老目标三年持有期混合型基金中基金(FOF)A类,2026-03-31,兔宝宝,002043.SZ,0.0015,786432.0,建筑材料,装修建材
017146,永赢恒欣稳健养老目标三年持有期混合型基金中基金(FOF)A类,2026-03-31,利安隆,300596.SZ,0.0015,788736.0,基础化工,化学制品
017146,永赢恒欣稳健养老目标三年持有期混合型基金中基金(FOF)A类,2026-03-31,李宁,02331.HK,0.0014,746357.64,--,--
017146,永赢恒欣稳健养老目标三年持有期混合型基金中基金(FOF)A类,2026-03-31,药明康德,603259.SH,0.0014,735750.0,医药生物,医疗服务
017146,永赢恒欣稳健养老目标三年持有期混合型基金中基金(FOF)A类,2026-03-31,皓元医药,688131.SH,0.0013,680832.13,医药生物,医疗服务
017146,永赢恒欣稳健养老目标三年持有期混合型基金中基金(FOF)A类,2026-03-31,东方雨虹,002271.SZ,0.001,552691.0,建筑材料,装修建材
017146,永赢恒欣稳健养老目标三年持有期混合型基金中基金(FOF)A类,2026-03-31,新和成,002001.SZ,0.0009,469880.0,基础化工,化学制品
017146,永赢恒欣稳健养老目标三年持有期混合型基金中基金(FOF)A类,2026-03-31,宏桥控股,002379.SZ,0.0009,492856.0,有色金属,工业金属
017146,永赢恒欣稳健养老目标三年持有期混合型基金中基金(FOF)A类,2026-03-31,淮北矿业,600985.SH,0.0009,466120.0,煤炭,煤炭开采
sz159633,中证1000ETF易方达,--,源杰科技,688498.SH,0.0063,13627733.76,电子,半导体
sz159633,中证1000ETF易方达,--,德明利,001309.SZ,0.006,13121052.0,电子,半导体
sz159633,中证1000ETF易方达,--,香农芯创,300475.SZ,0.0045,9698636.0,电子,其他电子Ⅱ
sz159633,中证1000ETF易方达,--,长飞光纤,601869.SH,0.0045,9779884.0,通信,通信设备
sz159633,中证1000ETF易方达,--,长芯博创,300548.SZ,0.004,8637660.0,通信,通信设备
sz159633,中证1000ETF易方达,--,东芯股份,688110.SH,0.0039,8470953.92,电子,半导体
sz159633,中证1000ETF易方达,--,永鼎股份,600105.SH,0.0036,7878160.0,通信,通信设备
sz159633,中证1000ETF易方达,--,江丰电子,300666.SZ,0.0033,7199205.42,电子,半导体
sz159633,中证1000ETF易方达,--,应流股份,603308.SH,0.0033,7117469.0,机械设备,通用设备
sz159633,中证1000ETF易方达,--,欧菲光,002456.SZ,0.0032,7007040.0,电子,光学光电子
sz159633,中证1000ETF易方达,--,源杰科技,688498,,,--,--
sz159633,中证1000ETF易方达,--,德明利,001309,,,--,--
sz159633,中证1000ETF易方达,--,长飞光纤,601869,,,--,--
sz159633,中证1000ETF易方达,--,香农芯创,300475,,,--,--
sz159633,中证1000ETF易方达,--,长芯博创,300548,,,--,--
sz159633,中证1000ETF易方达,--,东芯股份,688110,,,--,--
sz159633,中证1000ETF易方达,--,永鼎股份,600105,,,--,--
sz159633,中证1000ETF易方达,--,江丰电子,300666,,,--,--
sz159633,中证1000ETF易方达,--,应流股份,603308,,,--,--
sz159633,中证1000ETF易方达,--,欧菲光,002456,,,--,--
519753,交银施罗德安心收益债券型证券投资基金A类,2026-03-31,瀚蓝环境,600323.SH,0.0039,48408066.0,环保,环境治理
519753,交银施罗德安心收益债券型证券投资基金A类,2026-03-31,金海通,603061.SH,0.0038,47145552.0,电子,半导体
519753,交银施罗德安心收益债券型证券投资基金A类,2026-03-31,立讯精密,002475.SZ,0.0027,34319442.0,电子,消费电子
519753,交银施罗德安心收益债券型证券投资基金A类,2026-03-31,万华化学,600309.SH,0.0027,33504065.0,基础化工,化学制品
519753,交银施罗德安心收益债券型证券投资基金A类,2026-03-31,中国建筑,601668.SH,0.0025,31119615.0,建筑装饰,房屋建设Ⅱ
519753,交银施罗德安心收益债券型证券投资基金A类,2026-03-31,分众传媒,002027.SZ,0.0024,29720625.0,传媒,广告营销
519753,交银施罗德安心收益债券型证券投资基金A类,2026-03-31,新澳股份,603889.SH,0.0024,30301424.14,纺织服饰,纺织制造
519753,交银施罗德安心收益债券型证券投资基金A类,2026-03-31,运机集团,001288.SZ,0.0022,27070533.0,机械设备,专用设备
519753,交银施罗德安心收益债券型证券投资基金A类,2026-03-31,银轮股份,002126.SZ,0.0021,26428126.92,汽车,汽车零部件
519753,交银施罗德安心收益债券型证券投资基金A类,2026-03-31,扬杰科技,300373.SZ,0.0021,26805831.0,电子,半导体
010115,易方达远见成长混合型证券投资基金A类,2026-03-31,长芯博创,300548.SZ,0.0987,515869081.65,通信,通信设备
010115,易方达远见成长混合型证券投资基金A类,2026-03-31,新易盛,300502.SZ,0.0986,515598169.16,通信,通信设备
010115,易方达远见成长混合型证券投资基金A类,2026-03-31,长飞光纤光缆,06869.HK,0.0982,513177603.6,--,--
010115,易方达远见成长混合型证券投资基金A类,2026-03-31,中际旭创,300308.SZ,0.0963,503316303.66,通信,通信设备
010115,易方达远见成长混合型证券投资基金A类,2026-03-31,源杰科技,688498.SH,0.0908,474855235.84,电子,半导体
010115,易方达远见成长混合型证券投资基金A类,2026-03-31,英维克,002837.SZ,0.064,334741625.4,机械设备,专用设备
010115,易方达远见成长混合型证券投资基金A类,2026-03-31,亨通光电,600487.SH,0.0609,318148391.62,通信,通信设备
010115,易方达远见成长混合型证券投资基金A类,2026-03-31,东山精密,002384.SZ,0.0522,272960849.7,电子,元件
010115,易方达远见成长混合型证券投资基金A类,2026-03-31,澜起科技,688008.SH,0.04,209310181.92,电子,半导体
010115,易方达远见成长混合型证券投资基金A类,2026-03-31,天孚通信,300394.SZ,0.0368,192339066.4,通信,通信设备
007152,诺德策略精选混合型证券投资基金,2026-03-31,世纪华通,002602.SZ,0.092,1308720.0,传媒,游戏Ⅱ
007152,诺德策略精选混合型证券投资基金,2026-03-31,完美世界,002624.SZ,0.0581,825790.0,传媒,游戏Ⅱ
007152,诺德策略精选混合型证券投资基金,2026-03-31,新乳业,002946.SZ,0.048,683240.0,食品饮料,饮料乳品
007152,诺德策略精选混合型证券投资基金,2026-03-31,天康生物,002100.SZ,0.0461,655200.0,农林牧渔,饲料
007152,诺德策略精选混合型证券投资基金,2026-03-31,小商品城,600415.SH,0.0455,647000.0,商贸零售,一般零售
007152,诺德策略精选混合型证券投资基金,2026-03-31,温氏股份,300498.SZ,0.0444,631560.0,农林牧渔,养殖业
007152,诺德策略精选混合型证券投资基金,2026-03-31,燕京啤酒,000729.SZ,0.0443,630110.0,食品饮料,非白酒
007152,诺德策略精选混合型证券投资基金,2026-03-31,牧原股份,002714.SZ,0.0425,604795.0,农林牧渔,养殖业
007152,诺德策略精选混合型证券投资基金,2026-03-31,盐津铺子,002847.SZ,0.0417,593700.0,食品饮料,休闲食品
007152,诺德策略精选混合型证券投资基金,2026-03-31,安克创新,300866.SZ,0.038,540950.0,电子,消费电子
003044,东方红战略精选沪港深混合型证券投资基金A类,2026-03-31,腾讯控股,00700.HK,0.0188,7099101.65,--,--
003044,东方红战略精选沪港深混合型证券投资基金A类,2026-03-31,恒瑞医药,600276.SH,0.0119,4483864.0,医药生物,化学制药
003044,东方红战略精选沪港深混合型证券投资基金A类,2026-03-31,中信证券,600030.SH,0.0111,4185291.88,非银金融,证券Ⅱ
003044,东方红战略精选沪港深混合型证券投资基金A类,2026-03-31,阿里巴巴-W,09988.HK,0.0107,4045237.35,--,--
003044,东方红战略精选沪港深混合型证券投资基金A类,2026-03-31,中国平安,601318.SH,0.0105,3957566.0,非银金融,保险Ⅱ
003044,东方红战略精选沪港深混合型证券投资基金A类,2026-03-31,海尔智家,600690.SH,0.0096,3613220.0,家用电器,白色家电
003044,东方红战略精选沪港深混合型证券投资基金A类,2026-03-31,伊利股份,600887.SH,0.0088,3325370.0,食品饮料,饮料乳品
003044,东方红战略精选沪港深混合型证券投资基金A类,2026-03-31,中国移动,600941.SH,0.0081,3057554.0,通信,通信服务
003044,东方红战略精选沪港深混合型证券投资基金A类,2026-03-31,华鲁恒升,600426.SH,0.0077,2892742.0,基础化工,农化制品
003044,东方红战略精选沪港深混合型证券投资基金A类,2026-03-31,贵州茅台,600519.SH,0.0077,2900000.0,食品饮料,白酒Ⅱ
021593,上银数字经济混合型发起式证券投资基金A类,2026-03-31,中微公司,688012.SH,0.1078,31478093.96,电子,半导体
021593,上银数字经济混合型发起式证券投资基金A类,2026-03-31,拓荆科技,688072.SH,0.1041,30410670.0,电子,半导体
021593,上银数字经济混合型发起式证券投资基金A类,2026-03-31,雅克科技,002409.SZ,0.0729,21283422.0,电子,半导体
021593,上银数字经济混合型发起式证券投资基金A类,2026-03-31,北方华创,002371.SZ,0.0613,17893410.0,电子,半导体
021593,上银数字经济混合型发起式证券投资基金A类,2026-03-31,芯源微,688037.SH,0.0539,15737737.88,电子,半导体
021593,上银数字经济混合型发起式证券投资基金A类,2026-03-31,富创精密,688409.SH,0.0484,14145880.2,电子,半导体
021593,上银数字经济混合型发起式证券投资基金A类,2026-03-31,安集科技,688019.SH,0.0479,13998973.92,电子,电子化学品Ⅱ
021593,上银数字经济混合型发起式证券投资基金A类,2026-03-31,华海清科,688120.SH,0.0458,13373292.0,电子,半导体
021593,上银数字经济混合型发起式证券投资基金A类,2026-03-31,芯原股份,688521.SH,0.0401,11705887.2,电子,半导体
021593,上银数字经济混合型发起式证券投资基金A类,2026-03-31,澜起科技,688008.SH,0.0357,10417908.96,电子,半导体
012543,嘉实中证新能源汽车指数证券投资基金A类,2026-03-31,比亚迪,002594.SZ,0.1004,41587011.5,汽车,乘用车
012543,嘉实中证新能源汽车指数证券投资基金A类,2026-03-31,宁德时代,300750.SZ,0.0942,39005070.0,电力设备,电池
012543,嘉实中证新能源汽车指数证券投资基金A类,2026-03-31,汇川技术,300124.SZ,0.0604,25016192.0,机械设备,自动化设备
012543,嘉实中证新能源汽车指数证券投资基金A类,2026-03-31,三花智控,002050.SZ,0.0454,18815357.06,家用电器,家电零部件Ⅱ
012543,嘉实中证新能源汽车指数证券投资基金A类,2026-03-31,华友钴业,603799.SH,0.0425,17602966.71,有色金属,能源金属
012543,嘉实中证新能源汽车指数证券投资基金A类,2026-03-31,赣锋锂业,002460.SZ,0.0422,17489086.16,有色金属,能源金属
012543,嘉实中证新能源汽车指数证券投资基金A类,2026-03-31,亿纬锂能,300014.SZ,0.0369,15302357.0,电力设备,电池
012543,嘉实中证新能源汽车指数证券投资基金A类,2026-03-31,天赐材料,002709.SZ,0.0312,12939800.0,电力设备,电池
012543,嘉实中证新能源汽车指数证券投资基金A类,2026-03-31,天齐锂业,002466.SZ,0.0274,11334564.0,有色金属,能源金属
012543,嘉实中证新能源汽车指数证券投资基金A类,2026-03-31,中矿资源,002738.SZ,0.0256,10589310.3,有色金属,小金属
019505,国泰海通中证1000优选股票型发起式证券投资基金A类,2026-03-31,鹏辉能源,300438.SZ,0.0096,13381924.0,电力设备,电池
019505,国泰海通中证1000优选股票型发起式证券投资基金A类,2026-03-31,长芯博创,300548.SZ,0.0095,13170900.0,通信,通信设备
019505,国泰海通中证1000优选股票型发起式证券投资基金A类,2026-03-31,盛弘股份,300693.SZ,0.0087,12104900.0,电力设备,其他电源设备Ⅱ
019505,国泰海通中证1000优选股票型发起式证券投资基金A类,2026-03-31,荣昌生物,688331.SH,0.0086,11936335.15,医药生物,生物制品
019505,国泰海通中证1000优选股票型发起式证券投资基金A类,2026-03-31,德福科技,301511.SZ,0.0085,11731740.0,电力设备,电池
019505,国泰海通中证1000优选股票型发起式证券投资基金A类,2026-03-31,迈威生物,688062.SH,0.0084,11651755.7,医药生物,化学制药
019505,国泰海通中证1000优选股票型发起式证券投资基金A类,2026-03-31,神州信息,000555.SZ,0.0082,11375885.0,计算机,IT服务Ⅱ
019505,国泰海通中证1000优选股票型发起式证券投资基金A类,2026-03-31,利尔化学,002258.SZ,0.0081,11280960.0,基础化工,农化制品
019505,国泰海通中证1000优选股票型发起式证券投资基金A类,2026-03-31,浙江医药,600216.SH,0.0079,10929207.0,医药生物,化学制药
019505,国泰海通中证1000优选股票型发起式证券投资基金A类,2026-03-31,东威科技,688700.SH,0.0079,11004207.94,机械设备,专用设备
014634,景顺长城ESG量化股票型证券投资基金A类,2025-12-31,贵州茅台,600519.SH,0.0462,2478924.0,食品饮料,白酒Ⅱ
014634,景顺长城ESG量化股票型证券投资基金A类,2025-12-31,中际旭创,300308.SZ,0.0414,2220400.0,通信,通信设备
014634,景顺长城ESG量化股票型证券投资基金A类,2025-12-31,宁德时代,300750.SZ,0.0322,1726122.0,电力设备,电池
014634,景顺长城ESG量化股票型证券投资基金A类,2025-12-31,招商银行,600036.SH,0.0303,1625060.0,银行,股份制银行Ⅱ
014634,景顺长城ESG量化股票型证券投资基金A类,2025-12-31,紫金矿业,601899.SH,0.0226,1213344.0,有色金属,工业金属
014634,景顺长城ESG量化股票型证券投资基金A类,2025-12-31,中国平安,601318.SH,0.0224,1203840.0,非银金融,保险Ⅱ
014634,景顺长城ESG量化股票型证券投资基金A类,2025-12-31,美的集团,000333.SZ,0.021,1125360.0,家用电器,白色家电
014634,景顺长城ESG量化股票型证券投资基金A类,2025-12-31,恒瑞医药,600276.SH,0.0179,959077.0,医药生物,化学制药
014634,景顺长城ESG量化股票型证券投资基金A类,2025-12-31,兴业银行,601166.SH,0.0176,941382.0,银行,股份制银行Ⅱ
014634,景顺长城ESG量化股票型证券投资基金A类,2025-12-31,长江电力,600900.SH,0.0127,679750.0,公用事业,电力
015703,易米开泰混合型证券投资基金A类,2026-03-31,普冉股份,688766.SH,0.0911,3231026.12,电子,半导体
015703,易米开泰混合型证券投资基金A类,2026-03-31,兆易创新,603986.SH,0.086,3047680.0,电子,半导体
015703,易米开泰混合型证券投资基金A类,2026-03-31,精智达,688627.SH,0.0833,2954600.75,机械设备,通用设备
015703,易米开泰混合型证券投资基金A类,2026-03-31,苏盐井神,603299.SH,0.051,1809600.0,基础化工,化学原料
015703,易米开泰混合型证券投资基金A类,2026-03-31,江苏索普,600746.SH,0.0452,1601952.0,基础化工,化学原料
015703,易米开泰混合型证券投资基金A类,2026-03-31,固德威,688390.SH,0.038,1345919.25,电力设备,光伏设备
015703,易米开泰混合型证券投资基金A类,2026-03-31,阿里巴巴-W,09988.HK,0.0329,1166288.66,--,--
015703,易米开泰混合型证券投资基金A类,2026-03-31,晶丰明源,688368.SH,0.0299,1060125.0,电子,半导体
015703,易米开泰混合型证券投资基金A类,2026-03-31,阿石创,300706.SZ,0.0255,903744.0,电子,半导体
015703,易米开泰混合型证券投资基金A类,2026-03-31,安路科技,688107.SH,0.0245,868470.0,电子,半导体
sh516390,新能源车ETF汇添富,--,比亚迪,002594,,,--,--
sh516390,新能源车ETF汇添富,--,宁德时代,300750,,,--,--
sh516390,新能源车ETF汇添富,--,汇川技术,300124,,,--,--
sh516390,新能源车ETF汇添富,--,三花智控,002050,,,--,--
sh516390,新能源车ETF汇添富,--,华友钴业,603799,,,--,--
sh516390,新能源车ETF汇添富,--,赣锋锂业,002460,,,--,--
sh516390,新能源车ETF汇添富,--,亿纬锂能,300014,,,--,--
sh516390,新能源车ETF汇添富,--,天赐材料,002709,,,--,--
sh516390,新能源车ETF汇添富,--,天齐锂业,002466,,,--,--
sh516390,新能源车ETF汇添富,--,中矿资源,002738,,,--,--
022849,招商中证A50指数增强型发起式证券投资基金A类,2026-03-31,紫金矿业,601899.SH,0.0744,1141928.0,有色金属,工业金属
022849,招商中证A50指数增强型发起式证券投资基金A类,2026-03-31,宁德时代,300750.SZ,0.0733,1124760.0,电力设备,电池
022849,招商中证A50指数增强型发起式证券投资基金A类,2026-03-31,万华化学,600309.SH,0.0647,993125.0,基础化工,化学制品
022849,招商中证A50指数增强型发起式证券投资基金A类,2026-03-31,三一重工,600031.SH,0.0634,972532.0,机械设备,工程机械
022849,招商中证A50指数增强型发起式证券投资基金A类,2026-03-31,中国铝业,601600.SH,0.0577,884640.0,有色金属,工业金属
022849,招商中证A50指数增强型发起式证券投资基金A类,2026-03-31,京东方A,000725.SZ,0.0567,869584.0,电子,光学光电子
022849,招商中证A50指数增强型发起式证券投资基金A类,2026-03-31,宝钢股份,600019.SH,0.0453,694844.0,钢铁,普钢
022849,招商中证A50指数增强型发起式证券投资基金A类,2026-03-31,国电南瑞,600406.SH,0.041,628958.0,电力设备,电网设备
022849,招商中证A50指数增强型发起式证券投资基金A类,2026-03-31,中际旭创,300308.SZ,0.0408,626351.0,通信,通信设备
022849,招商中证A50指数增强型发起式证券投资基金A类,2026-03-31,科大讯飞,002230.SZ,0.0316,485205.0,计算机,软件开发
012717,易方达中证科技50交易型开放式指数证券投资基金联接基金A类,2026-03-31,沪电股份,002463.SZ,0.0001,7597.0,电子,元件
012717,易方达中证科技50交易型开放式指数证券投资基金联接基金A类,2026-03-31,TCL科技,000100.SZ,0.0,854.0,电子,光学光电子
012717,易方达中证科技50交易型开放式指数证券投资基金联接基金A类,2026-03-31,京东方A,000725.SZ,0.0,782.0,电子,光学光电子
006181,格林伯锐灵活配置混合型证券投资基金A类,2026-03-31,太阳纸业,002078.SZ,0.0118,74150.0,轻工制造,造纸
006181,格林伯锐灵活配置混合型证券投资基金A类,2026-03-31,科达利,002850.SZ,0.0113,71600.0,电力设备,电池
006181,格林伯锐灵活配置混合型证券投资基金A类,2026-03-31,常熟汽饰,603035.SH,0.01,63225.0,汽车,汽车零部件
006181,格林伯锐灵活配置混合型证券投资基金A类,2026-03-31,天康生物,002100.SZ,0.0098,61880.0,农林牧渔,饲料
006181,格林伯锐灵活配置混合型证券投资基金A类,2026-03-31,顺丰控股,002352.SZ,0.0096,60864.0,交通运输,物流
006181,格林伯锐灵活配置混合型证券投资基金A类,2026-03-31,立华股份,300761.SZ,0.0094,59160.0,农林牧渔,养殖业
006181,格林伯锐灵活配置混合型证券投资基金A类,2026-03-31,滨江集团,002244.SZ,0.0088,55632.0,房地产,房地产开发
006181,格林伯锐灵活配置混合型证券投资基金A类,2026-03-31,柳工,000528.SZ,0.0084,53124.0,机械设备,工程机械
006181,格林伯锐灵活配置混合型证券投资基金A类,2026-03-31,韵达股份,002120.SZ,0.0078,49348.0,交通运输,物流
006181,格林伯锐灵活配置混合型证券投资基金A类,2026-03-31,新城控股,601155.SH,0.0075,47634.0,房地产,房地产开发
001511,兴全新视野灵活配置定期开放混合型发起式证券投资基金,2026-03-31,巨化股份,600160.SH,0.0426,352434898.3,基础化工,化学制品
001511,兴全新视野灵活配置定期开放混合型发起式证券投资基金,2026-03-31,华海清科,688120.SH,0.0421,347874894.0,电子,半导体
001511,兴全新视野灵活配置定期开放混合型发起式证券投资基金,2026-03-31,分众传媒,002027.SZ,0.0407,336482774.8,传媒,广告营销
001511,兴全新视野灵活配置定期开放混合型发起式证券投资基金,2026-03-31,晶晨股份,688099.SH,0.0392,324267750.8,电子,半导体
001511,兴全新视野灵活配置定期开放混合型发起式证券投资基金,2026-03-31,泰格医药,300347.SZ,0.0373,308741049.89,医药生物,医疗服务
001511,兴全新视野灵活配置定期开放混合型发起式证券投资基金,2026-03-31,百利天恒,688506.SH,0.0269,222548452.0,医药生物,化学制药
001511,兴全新视野灵活配置定期开放混合型发起式证券投资基金,2026-03-31,博源化工,000683.SZ,0.0262,216897432.2,基础化工,化学原料
001511,兴全新视野灵活配置定期开放混合型发起式证券投资基金,2026-03-31,宁德时代,300750.SZ,0.026,214956097.2,电力设备,电池
001511,兴全新视野灵活配置定期开放混合型发起式证券投资基金,2026-03-31,北方华创,002371.SZ,0.0253,209506218.0,电子,半导体
001511,兴全新视野灵活配置定期开放混合型发起式证券投资基金,2026-03-31,德业股份,605117.SH,0.0249,205916051.88,电力设备,光伏设备
018549,金鹰研究驱动混合型证券投资基金A类,2026-03-31,鸿泉技术,688288.SH,0.009,495720.0,计算机,计算机设备
018549,金鹰研究驱动混合型证券投资基金A类,2026-03-31,凤竹纺织,600493.SH,0.0076,413740.0,纺织服饰,纺织制造
018549,金鹰研究驱动混合型证券投资基金A类,2026-03-31,港通医疗,301515.SZ,0.0075,409860.0,医药生物,医疗器械
018549,金鹰研究驱动混合型证券投资基金A类,2026-03-31,*ST长投,600119.SH,0.0075,409248.0,交通运输,物流
018549,金鹰研究驱动混合型证券投资基金A类,2026-03-31,美思德,603041.SH,0.0074,406080.0,基础化工,化学制品
018549,金鹰研究驱动混合型证券投资基金A类,2026-03-31,爱婴室,603214.SH,0.0074,402750.0,商贸零售,专业连锁Ⅱ
018549,金鹰研究驱动混合型证券投资基金A类,2026-03-31,ST南新,688189.SH,0.0074,405450.0,医药生物,化学制药
018549,金鹰研究驱动混合型证券投资基金A类,2026-03-31,农心科技,001231.SZ,0.0073,402363.0,基础化工,农化制品
018549,金鹰研究驱动混合型证券投资基金A类,2026-03-31,民丰特纸,600235.SH,0.0073,401534.0,轻工制造,造纸
018549,金鹰研究驱动混合型证券投资基金A类,2026-03-31,*ST莫高,600543.SH,0.0073,402447.0,食品饮料,非白酒
